id_pasajero,sobrevivio,clase,nombre,genero,edad,ticket,tarifa,puerto_embarque,grupo_familiar,grupo_edad
1,False,3,"Braund, Mr. Owen Harris",Masculino,22.0,A/5 21171,7.25,S,2,mayor
2,True,1,"Cumings, Mrs. John Bradley (Florence Briggs Thayer)",Femenino,38.0,PC 17599,71.2833,C,2,mayor
3,True,3,"Heikkinen, Miss. Laina",Femenino,26.0,STON/O2. 3101282,7.925,S,1,mayor
4,True,1,"Futrelle, Mrs. Jacques Heath (Lily May Peel)",Femenino,35.0,113803,53.1,S,2,mayor
5,False,3,"Allen, Mr. William Henry",Masculino,35.0,373450,8.05,S,1,mayor
6,False,3,"Moran, Mr. James",Masculino,29.69911764705882,330877,8.4583,Q,1,mayor
7,False,1,"McCarthy, Mr. Timothy J",Masculino,54.0,17463,51.8625,S,1,mayor
8,False,3,"Palsson, Master. Gosta Leonard",Masculino,2.0,349909,21.075,S,5,menor
9,True,3,"Johnson, Mrs. Oscar W (Elisabeth Vilhelmina Berg)",Femenino,27.0,347742,11.1333,S,3,mayor
10,True,2,"Nasser, Mrs. Nicholas (Adele Achem)",Femenino,14.0,237736,30.0708,C,2,menor
11,True,3,"Sandstrom, Miss. Marguerite Rut",Femenino,4.0,PP 9549,16.7,S,3,menor
12,True,1,"Bonnell, Miss. Elizabeth",Femenino,58.0,113783,26.55,S,1,mayor
13,False,3,"Saundercock, Mr. William Henry",Masculino,20.0,A/5. 2151,8.05,S,1,mayor
14,False,3,"Andersson, Mr. Anders Johan",Masculino,39.0,347082,31.275,S,7,mayor
15,False,3,"Vestrom, Miss. Hulda Amanda Adolfina",Femenino,14.0,350406,7.8542,S,1,menor
16,True,2,"Hewlett, Mrs. (Mary D Kingcome) ",Femenino,55.0,248706,16.0,S,1,mayor
17,False,3,"Rice, Master. Eugene",Masculino,2.0,382652,29.125,Q,6,menor
18,True,2,"Williams, Mr. Charles Eugene",Masculino,29.69911764705882,244373,13.0,S,1,mayor
19,False,3,"Vander Planke, Mrs. Julius (Emelia Maria Vandemoortele)",Femenino,31.0,345763,18.0,S,2,mayor
20,True,3,"Masselmani, Mrs. Fatima",Femenino,29.69911764705882,2649,7.225,C,1,mayor
21,False,2,"Fynney, Mr. Joseph J",Masculino,35.0,239865,26.0,S,1,mayor
22,True,2,"Beesley, Mr. Lawrence",Masculino,34.0,248698,13.0,S,1,mayor
23,True,3,"McGowan, Miss. Anna ""Annie""",Femenino,15.0,330923,8.0292,Q,1,menor
24,True,1,"Sloper, Mr. William Thompson",Masculino,28.0,113788,35.5,S,1,mayor
25,False,3,"Palsson, Miss. Torborg Danira",Femenino,8.0,349909,21.075,S,5,menor
26,True,3,"Asplund, Mrs. Carl Oscar (Selma Augusta Emilia Johansson)",Femenino,38.0,347077,31.3875,S,7,mayor
27,False,3,"Emir, Mr. Farred Chehab",Masculino,29.69911764705882,2631,7.225,C,1,mayor
28,False,1,"Fortune, Mr. Charles Alexander",Masculino,19.0,19950,263.0,S,6,mayor
29,True,3,"O'Dwyer, Miss. Ellen ""Nellie""",Femenino,29.69911764705882,330959,7.8792,Q,1,mayor
30,False,3,"Todoroff, Mr. Lalio",Masculino,29.69911764705882,349216,7.8958,S,1,mayor
31,False,1,"Uruchurtu, Don. Manuel E",Masculino,40.0,PC 17601,27.7208,C,1,mayor
32,True,1,"Spencer, Mrs. William Augustus (Marie Eugenie)",Femenino,29.69911764705882,PC 17569,146.5208,C,2,mayor
33,True,3,"Glynn, Miss. Mary Agatha",Femenino,29.69911764705882,335677,7.75,Q,1,mayor
34,False,2,"Wheadon, Mr. Edward H",Masculino,66.0,C.A. 24579,10.5,S,1,mayor
35,False,1,"Meyer, Mr. Edgar Joseph",Masculino,28.0,PC 17604,82.1708,C,2,mayor
36,False,1,"Holverson, Mr. Alexander Oskar",Masculino,42.0,113789,52.0,S,2,mayor
37,True,3,"Mamee, Mr. Hanna",Masculino,29.69911764705882,2677,7.2292,C,1,mayor
38,False,3,"Cann, Mr. Ernest Charles",Masculino,21.0,A./5. 2152,8.05,S,1,mayor
39,False,3,"Vander Planke, Miss. Augusta Maria",Femenino,18.0,345764,18.0,S,3,mayor
40,True,3,"Nicola-Yarred, Miss. Jamila",Femenino,14.0,2651,11.2417,C,2,menor
41,False,3,"Ahlin, Mrs. Johan (Johanna Persdotter Larsson)",Femenino,40.0,7546,9.475,S,2,mayor
42,False,2,"Turpin, Mrs. William John Robert (Dorothy Ann Wonnacott)",Femenino,27.0,11668,21.0,S,2,mayor
43,False,3,"Kraeff, Mr. Theodor",Masculino,29.69911764705882,349253,7.8958,C,1,mayor
44,True,2,"Laroche, Miss. Simonne Marie Anne Andree",Femenino,3.0,SC/Paris 2123,41.5792,C,4,menor
45,True,3,"Devaney, Miss. Margaret Delia",Femenino,19.0,330958,7.8792,Q,1,mayor
46,False,3,"Rogers, Mr. William John",Masculino,29.69911764705882,S.C./A.4. 23567,8.05,S,1,mayor
47,False,3,"Lennon, Mr. Denis",Masculino,29.69911764705882,370371,15.5,Q,2,mayor
48,True,3,"O'Driscoll, Miss. Bridget",Femenino,29.69911764705882,14311,7.75,Q,1,mayor
49,False,3,"Samaan, Mr. Youssef",Masculino,29.69911764705882,2662,21.6792,C,3,mayor
50,False,3,"Arnold-Franchi, Mrs. Josef (Josefine Franchi)",Femenino,18.0,349237,17.8,S,2,mayor
51,False,3,"Panula, Master. Juha Niilo",Masculino,7.0,3101295,39.6875,S,6,menor
52,False,3,"Nosworthy, Mr. Richard Cater",Masculino,21.0,A/4. 39886,7.8,S,1,mayor
53,True,1,"Harper, Mrs. Henry Sleeper (Myna Haxtun)",Femenino,49.0,PC 17572,76.7292,C,2,mayor
54,True,2,"Faunthorpe, Mrs. Lizzie (Elizabeth Anne Wilkinson)",Femenino,29.0,2926,26.0,S,2,mayor
55,False,1,"Ostby, Mr. Engelhart Cornelius",Masculino,65.0,113509,61.9792,C,2,mayor
56,True,1,"Woolner, Mr. Hugh",Masculino,29.69911764705882,19947,35.5,S,1,mayor
57,True,2,"Rugg, Miss. Emily",Femenino,21.0,C.A. 31026,10.5,S,1,mayor
58,False,3,"Novel, Mr. Mansouer",Masculino,28.5,2697,7.2292,C,1,mayor
59,True,2,"West, Miss. Constance Mirium",Femenino,5.0,C.A. 34651,27.75,S,4,menor
60,False,3,"Goodwin, Master. William Frederick",Masculino,11.0,CA 2144,46.9,S,8,menor
61,False,3,"Sirayanian, Mr. Orsen",Masculino,22.0,2669,7.2292,C,1,mayor
62,True,1,"Icard, Miss. Amelie",Femenino,38.0,113572,80.0,Unknown,1,mayor
63,False,1,"Harris, Mr. Henry Birkhardt",Masculino,45.0,36973,83.475,S,2,mayor
64,False,3,"Skoog, Master. Harald",Masculino,4.0,347088,27.9,S,6,menor
65,False,1,"Stewart, Mr. Albert A",Masculino,29.69911764705882,PC 17605,27.7208,C,1,mayor
66,True,3,"Moubarek, Master. Gerios",Masculino,29.69911764705882,2661,15.2458,C,3,mayor
67,True,2,"Nye, Mrs. (Elizabeth Ramell)",Femenino,29.0,C.A. 29395,10.5,S,1,mayor
68,False,3,"Crease, Mr. Ernest James",Masculino,19.0,S.P. 3464,8.1583,S,1,mayor
69,True,3,"Andersson, Miss. Erna Alexandra",Femenino,17.0,3101281,7.925,S,7,menor
70,False,3,"Kink, Mr. Vincenz",Masculino,26.0,315151,8.6625,S,3,mayor
71,False,2,"Jenkin, Mr. Stephen Curnow",Masculino,32.0,C.A. 33111,10.5,S,1,mayor
72,False,3,"Goodwin, Miss. Lillian Amy",Femenino,16.0,CA 2144,46.9,S,8,menor
73,False,2,"Hood, Mr. Ambrose Jr",Masculino,21.0,S.O.C. 14879,73.5,S,1,mayor
74,False,3,"Chronopoulos, Mr. Apostolos",Masculino,26.0,2680,14.4542,C,2,mayor
75,True,3,"Bing, Mr. Lee",Masculino,32.0,1601,56.4958,S,1,mayor
76,False,3,"Moen, Mr. Sigurd Hansen",Masculino,25.0,348123,7.65,S,1,mayor
77,False,3,"Staneff, Mr. Ivan",Masculino,29.69911764705882,349208,7.8958,S,1,mayor
78,False,3,"Moutal, Mr. Rahamin Haim",Masculino,29.69911764705882,374746,8.05,S,1,mayor
79,True,2,"Caldwell, Master. Alden Gates",Masculino,0.83,248738,29.0,S,3,menor
80,True,3,"Dowdell, Miss. Elizabeth",Femenino,30.0,364516,12.475,S,1,mayor
81,False,3,"Waelens, Mr. Achille",Masculino,22.0,345767,9.0,S,1,mayor
82,True,3,"Sheerlinck, Mr. Jan Baptist",Masculino,29.0,345779,9.5,S,1,mayor
83,True,3,"McDermott, Miss. Brigdet Delia",Femenino,29.69911764705882,330932,7.7875,Q,1,mayor
84,False,1,"Carrau, Mr. Francisco M",Masculino,28.0,113059,47.1,S,1,mayor
85,True,2,"Ilett, Miss. Bertha",Femenino,17.0,SO/C 14885,10.5,S,1,menor
86,True,3,"Backstrom, Mrs. Karl Alfred (Maria Mathilda Gustafsson)",Femenino,33.0,3101278,15.85,S,4,mayor
87,False,3,"Ford, Mr. William Neal",Masculino,16.0,W./C. 6608,34.375,S,5,menor
88,False,3,"Slocovski, Mr. Selman Francis",Masculino,29.69911764705882,SOTON/OQ 392086,8.05,S,1,mayor
89,True,1,"Fortune, Miss. Mabel Helen",Femenino,23.0,19950,263.0,S,6,mayor
90,False,3,"Celotti, Mr. Francesco",Masculino,24.0,343275,8.05,S,1,mayor
91,False,3,"Christmann, Mr. Emil",Masculino,29.0,343276,8.05,S,1,mayor
92,False,3,"Andreasson, Mr. Paul Edvin",Masculino,20.0,347466,7.8542,S,1,mayor
93,False,1,"Chaffee, Mr. Herbert Fuller",Masculino,46.0,W.E.P. 5734,61.175,S,2,mayor
94,False,3,"Dean, Mr. Bertram Frank",Masculino,26.0,C.A. 2315,20.575,S,4,mayor
95,False,3,"Coxon, Mr. Daniel",Masculino,59.0,364500,7.25,S,1,mayor
96,False,3,"Shorney, Mr. Charles Joseph",Masculino,29.69911764705882,374910,8.05,S,1,mayor
97,False,1,"Goldschmidt, Mr. George B",Masculino,71.0,PC 17754,34.6542,C,1,mayor
98,True,1,"Greenfield, Mr. William Bertram",Masculino,23.0,PC 17759,63.3583,C,2,mayor
99,True,2,"Doling, Mrs. John T (Ada Julia Bone)",Femenino,34.0,231919,23.0,S,2,mayor
100,False,2,"Kantor, Mr. Sinai",Masculino,34.0,244367,26.0,S,2,mayor
101,False,3,"Petranec, Miss. Matilda",Femenino,28.0,349245,7.8958,S,1,mayor
102,False,3,"Petroff, Mr. Pastcho (""Pentcho"")",Masculino,29.69911764705882,349215,7.8958,S,1,mayor
103,False,1,"White, Mr. Richard Frasar",Masculino,21.0,35281,77.2875,S,2,mayor
104,False,3,"Johansson, Mr. Gustaf Joel",Masculino,33.0,7540,8.6542,S,1,mayor
105,False,3,"Gustafsson, Mr. Anders Vilhelm",Masculino,37.0,3101276,7.925,S,3,mayor
106,False,3,"Mionoff, Mr. Stoytcho",Masculino,28.0,349207,7.8958,S,1,mayor
107,True,3,"Salkjelsvik, Miss. Anna Kristine",Femenino,21.0,343120,7.65,S,1,mayor
108,True,3,"Moss, Mr. Albert Johan",Masculino,29.69911764705882,312991,7.775,S,1,mayor
109,False,3,"Rekic, Mr. Tido",Masculino,38.0,349249,7.8958,S,1,mayor
110,True,3,"Moran, Miss. Bertha",Femenino,29.69911764705882,371110,24.15,Q,2,mayor
111,False,1,"Porter, Mr. Walter Chamberlain",Masculino,47.0,110465,52.0,S,1,mayor
112,False,3,"Zabour, Miss. Hileni",Femenino,14.5,2665,14.4542,C,2,menor
113,False,3,"Barton, Mr. David John",Masculino,22.0,324669,8.05,S,1,mayor
114,False,3,"Jussila, Miss. Katriina",Femenino,20.0,4136,9.825,S,2,mayor
115,False,3,"Attalah, Miss. Malake",Femenino,17.0,2627,14.4583,C,1,menor
116,False,3,"Pekoniemi, Mr. Edvard",Masculino,21.0,STON/O 2. 3101294,7.925,S,1,mayor
117,False,3,"Connors, Mr. Patrick",Masculino,70.5,370369,7.75,Q,1,mayor
118,False,2,"Turpin, Mr. William John Robert",Masculino,29.0,11668,21.0,S,2,mayor
119,False,1,"Baxter, Mr. Quigg Edmond",Masculino,24.0,PC 17558,247.5208,C,2,mayor
120,False,3,"Andersson, Miss. Ellis Anna Maria",Femenino,2.0,347082,31.275,S,7,menor
121,False,2,"Hickman, Mr. Stanley George",Masculino,21.0,S.O.C. 14879,73.5,S,3,mayor
122,False,3,"Moore, Mr. Leonard Charles",Masculino,29.69911764705882,A4. 54510,8.05,S,1,mayor
123,False,2,"Nasser, Mr. Nicholas",Masculino,32.5,237736,30.0708,C,2,mayor
124,True,2,"Webber, Miss. Susan",Femenino,32.5,27267,13.0,S,1,mayor
125,False,1,"White, Mr. Percival Wayland",Masculino,54.0,35281,77.2875,S,2,mayor
126,True,3,"Nicola-Yarred, Master. Elias",Masculino,12.0,2651,11.2417,C,2,menor
127,False,3,"McMahon, Mr. Martin",Masculino,29.69911764705882,370372,7.75,Q,1,mayor
128,True,3,"Madsen, Mr. Fridtjof Arne",Masculino,24.0,C 17369,7.1417,S,1,mayor
129,True,3,"Peter, Miss. Anna",Femenino,29.69911764705882,2668,22.3583,C,3,mayor
130,False,3,"Ekstrom, Mr. Johan",Masculino,45.0,347061,6.975,S,1,mayor
131,False,3,"Drazenoic, Mr. Jozef",Masculino,33.0,349241,7.8958,C,1,mayor
132,False,3,"Coelho, Mr. Domingos Fernandeo",Masculino,20.0,SOTON/O.Q. 3101307,7.05,S,1,mayor
133,False,3,"Robins, Mrs. Alexander A (Grace Charity Laury)",Femenino,47.0,A/5. 3337,14.5,S,2,mayor
134,True,2,"Weisz, Mrs. Leopold (Mathilde Francoise Pede)",Femenino,29.0,228414,26.0,S,2,mayor
135,False,2,"Sobey, Mr. Samuel James Hayden",Masculino,25.0,C.A. 29178,13.0,S,1,mayor
136,False,2,"Richard, Mr. Emile",Masculino,23.0,SC/PARIS 2133,15.0458,C,1,mayor
137,True,1,"Newsom, Miss. Helen Monypeny",Femenino,19.0,11752,26.2833,S,3,mayor
138,False,1,"Futrelle, Mr. Jacques Heath",Masculino,37.0,113803,53.1,S,2,mayor
139,False,3,"Osen, Mr. Olaf Elon",Masculino,16.0,7534,9.2167,S,1,menor
140,False,1,"Giglio, Mr. Victor",Masculino,24.0,PC 17593,79.2,C,1,mayor
141,False,3,"Boulos, Mrs. Joseph (Sultana)",Femenino,29.69911764705882,2678,15.2458,C,3,mayor
142,True,3,"Nysten, Miss. Anna Sofia",Femenino,22.0,347081,7.75,S,1,mayor
143,True,3,"Hakkarainen, Mrs. Pekka Pietari (Elin Matilda Dolck)",Femenino,24.0,STON/O2. 3101279,15.85,S,2,mayor
144,False,3,"Burke, Mr. Jeremiah",Masculino,19.0,365222,6.75,Q,1,mayor
145,False,2,"Andrew, Mr. Edgardo Samuel",Masculino,18.0,231945,11.5,S,1,mayor
146,False,2,"Nicholls, Mr. Joseph Charles",Masculino,19.0,C.A. 33112,36.75,S,3,mayor
147,True,3,"Andersson, Mr. August Edvard (""Wennerstrom"")",Masculino,27.0,350043,7.7958,S,1,mayor
148,False,3,"Ford, Miss. Robina Maggie ""Ruby""",Femenino,9.0,W./C. 6608,34.375,S,5,menor
149,False,2,"Navratil, Mr. Michel (""Louis M Hoffman"")",Masculino,36.5,230080,26.0,S,3,mayor
150,False,2,"Byles, Rev. Thomas Roussel Davids",Masculino,42.0,244310,13.0,S,1,mayor
151,False,2,"Bateman, Rev. Robert James",Masculino,51.0,S.O.P. 1166,12.525,S,1,mayor
152,True,1,"Pears, Mrs. Thomas (Edith Wearne)",Femenino,22.0,113776,66.6,S,2,mayor
153,False,3,"Meo, Mr. Alfonzo",Masculino,55.5,A.5. 11206,8.05,S,1,mayor
154,False,3,"van Billiard, Mr. Austin Blyler",Masculino,40.5,A/5. 851,14.5,S,3,mayor
155,False,3,"Olsen, Mr. Ole Martin",Masculino,29.69911764705882,Fa 265302,7.3125,S,1,mayor
156,False,1,"Williams, Mr. Charles Duane",Masculino,51.0,PC 17597,61.3792,C,2,mayor
157,True,3,"Gilnagh, Miss. Katherine ""Katie""",Femenino,16.0,35851,7.7333,Q,1,menor
158,False,3,"Corn, Mr. Harry",Masculino,30.0,SOTON/OQ 392090,8.05,S,1,mayor
159,False,3,"Smiljanic, Mr. Mile",Masculino,29.69911764705882,315037,8.6625,S,1,mayor
160,False,3,"Sage, Master. Thomas Henry",Masculino,29.69911764705882,CA. 2343,69.55,S,11,mayor
161,False,3,"Cribb, Mr. John Hatfield",Masculino,44.0,371362,16.1,S,2,mayor
162,True,2,"Watt, Mrs. James (Elizabeth ""Bessie"" Inglis Milne)",Femenino,40.0,C.A. 33595,15.75,S,1,mayor
163,False,3,"Bengtsson, Mr. John Viktor",Masculino,26.0,347068,7.775,S,1,mayor
164,False,3,"Calic, Mr. Jovo",Masculino,17.0,315093,8.6625,S,1,menor
165,False,3,"Panula, Master. Eino Viljami",Masculino,1.0,3101295,39.6875,S,6,menor
166,True,3,"Goldsmith, Master. Frank John William ""Frankie""",Masculino,9.0,363291,20.525,S,3,menor
167,True,1,"Chibnall, Mrs. (Edith Martha Bowerman)",Femenino,29.69911764705882,113505,55.0,S,2,mayor
168,False,3,"Skoog, Mrs. William (Anna Bernhardina Karlsson)",Femenino,45.0,347088,27.9,S,6,mayor
169,False,1,"Baumann, Mr. John D",Masculino,29.69911764705882,PC 17318,25.925,S,1,mayor
170,False,3,"Ling, Mr. Lee",Masculino,28.0,1601,56.4958,S,1,mayor
171,False,1,"Van der hoef, Mr. Wyckoff",Masculino,61.0,111240,33.5,S,1,mayor
172,False,3,"Rice, Master. Arthur",Masculino,4.0,382652,29.125,Q,6,menor
173,True,3,"Johnson, Miss. Eleanor Ileen",Femenino,1.0,347742,11.1333,S,3,menor
174,False,3,"Sivola, Mr. Antti Wilhelm",Masculino,21.0,STON/O 2. 3101280,7.925,S,1,mayor
175,False,1,"Smith, Mr. James Clinch",Masculino,56.0,17764,30.6958,C,1,mayor
176,False,3,"Klasen, Mr. Klas Albin",Masculino,18.0,350404,7.8542,S,3,mayor
177,False,3,"Lefebre, Master. Henry Forbes",Masculino,29.69911764705882,4133,25.4667,S,5,mayor
178,False,1,"Isham, Miss. Ann Elizabeth",Femenino,50.0,PC 17595,28.7125,C,1,mayor
179,False,2,"Hale, Mr. Reginald",Masculino,30.0,250653,13.0,S,1,mayor
180,False,3,"Leonard, Mr. Lionel",Masculino,36.0,LINE,0.0,S,1,mayor
181,False,3,"Sage, Miss. Constance Gladys",Femenino,29.69911764705882,CA. 2343,69.55,S,11,mayor
182,False,2,"Pernot, Mr. Rene",Masculino,29.69911764705882,SC/PARIS 2131,15.05,C,1,mayor
183,False,3,"Asplund, Master. Clarence Gustaf Hugo",Masculino,9.0,347077,31.3875,S,7,menor
184,True,2,"Becker, Master. Richard F",Masculino,1.0,230136,39.0,S,4,menor
185,True,3,"Kink-Heilmann, Miss. Luise Gretchen",Femenino,4.0,315153,22.025,S,3,menor
186,False,1,"Rood, Mr. Hugh Roscoe",Masculino,29.69911764705882,113767,50.0,S,1,mayor
187,True,3,"O'Brien, Mrs. Thomas (Johanna ""Hannah"" Godfrey)",Femenino,29.69911764705882,370365,15.5,Q,2,mayor
188,True,1,"Romaine, Mr. Charles Hallace (""Mr C Rolmane"")",Masculino,45.0,111428,26.55,S,1,mayor
189,False,3,"Bourke, Mr. John",Masculino,40.0,364849,15.5,Q,3,mayor
190,False,3,"Turcin, Mr. Stjepan",Masculino,36.0,349247,7.8958,S,1,mayor
191,True,2,"Pinsky, Mrs. (Rosa)",Femenino,32.0,234604,13.0,S,1,mayor
192,False,2,"Carbines, Mr. William",Masculino,19.0,28424,13.0,S,1,mayor
193,True,3,"Andersen-Jensen, Miss. Carla Christine Nielsine",Femenino,19.0,350046,7.8542,S,2,mayor
194,True,2,"Navratil, Master. Michel M",Masculino,3.0,230080,26.0,S,3,menor
195,True,1,"Brown, Mrs. James Joseph (Margaret Tobin)",Femenino,44.0,PC 17610,27.7208,C,1,mayor
196,True,1,"Lurette, Miss. Elise",Femenino,58.0,PC 17569,146.5208,C,1,mayor
197,False,3,"Mernagh, Mr. Robert",Masculino,29.69911764705882,368703,7.75,Q,1,mayor
198,False,3,"Olsen, Mr. Karl Siegwart Andreas",Masculino,42.0,4579,8.4042,S,2,mayor
199,True,3,"Madigan, Miss. Margaret ""Maggie""",Femenino,29.69911764705882,370370,7.75,Q,1,mayor
200,False,2,"Yrois, Miss. Henriette (""Mrs Harbeck"")",Femenino,24.0,248747,13.0,S,1,mayor
201,False,3,"Vande Walle, Mr. Nestor Cyriel",Masculino,28.0,345770,9.5,S,1,mayor
202,False,3,"Sage, Mr. Frederick",Masculino,29.69911764705882,CA. 2343,69.55,S,11,mayor
203,False,3,"Johanson, Mr. Jakob Alfred",Masculino,34.0,3101264,6.4958,S,1,mayor
204,False,3,"Youseff, Mr. Gerious",Masculino,45.5,2628,7.225,C,1,mayor
205,True,3,"Cohen, Mr. Gurshon ""Gus""",Masculino,18.0,A/5 3540,8.05,S,1,mayor
206,False,3,"Strom, Miss. Telma Matilda",Femenino,2.0,347054,10.4625,S,2,menor
207,False,3,"Backstrom, Mr. Karl Alfred",Masculino,32.0,3101278,15.85,S,2,mayor
208,True,3,"Albimona, Mr. Nassef Cassem",Masculino,26.0,2699,18.7875,C,1,mayor
209,True,3,"Carr, Miss. Helen ""Ellen""",Femenino,16.0,367231,7.75,Q,1,menor
210,True,1,"Blank, Mr. Henry",Masculino,40.0,112277,31.0,C,1,mayor
211,False,3,"Ali, Mr. Ahmed",Masculino,24.0,SOTON/O.Q. 3101311,7.05,S,1,mayor
212,True,2,"Cameron, Miss. Clear Annie",Femenino,35.0,F.C.C. 13528,21.0,S,1,mayor
213,False,3,"Perkin, Mr. John Henry",Masculino,22.0,A/5 21174,7.25,S,1,mayor
214,False,2,"Givard, Mr. Hans Kristensen",Masculino,30.0,250646,13.0,S,1,mayor
215,False,3,"Kiernan, Mr. Philip",Masculino,29.69911764705882,367229,7.75,Q,2,mayor
216,True,1,"Newell, Miss. Madeleine",Femenino,31.0,35273,113.275,C,2,mayor
217,True,3,"Honkanen, Miss. Eliina",Femenino,27.0,STON/O2. 3101283,7.925,S,1,mayor
218,False,2,"Jacobsohn, Mr. Sidney Samuel",Masculino,42.0,243847,27.0,S,2,mayor
219,True,1,"Bazzani, Miss. Albina",Femenino,32.0,11813,76.2917,C,1,mayor
220,False,2,"Harris, Mr. Walter",Masculino,30.0,W/C 14208,10.5,S,1,mayor
221,True,3,"Sunderland, Mr. Victor Francis",Masculino,16.0,SOTON/OQ 392089,8.05,S,1,menor
222,False,2,"Bracken, Mr. James H",Masculino,27.0,220367,13.0,S,1,mayor
223,False,3,"Green, Mr. George Henry",Masculino,51.0,21440,8.05,S,1,mayor
224,False,3,"Nenkoff, Mr. Christo",Masculino,29.69911764705882,349234,7.8958,S,1,mayor
225,True,1,"Hoyt, Mr. Frederick Maxfield",Masculino,38.0,19943,90.0,S,2,mayor
226,False,3,"Berglund, Mr. Karl Ivar Sven",Masculino,22.0,PP 4348,9.35,S,1,mayor
227,True,2,"Mellors, Mr. William John",Masculino,19.0,SW/PP 751,10.5,S,1,mayor
228,False,3,"Lovell, Mr. John Hall (""Henry"")",Masculino,20.5,A/5 21173,7.25,S,1,mayor
229,False,2,"Fahlstrom, Mr. Arne Jonas",Masculino,18.0,236171,13.0,S,1,mayor
230,False,3,"Lefebre, Miss. Mathilde",Femenino,29.69911764705882,4133,25.4667,S,5,mayor
231,True,1,"Harris, Mrs. Henry Birkhardt (Irene Wallach)",Femenino,35.0,36973,83.475,S,2,mayor
232,False,3,"Larsson, Mr. Bengt Edvin",Masculino,29.0,347067,7.775,S,1,mayor
233,False,2,"Sjostedt, Mr. Ernst Adolf",Masculino,59.0,237442,13.5,S,1,mayor
234,True,3,"Asplund, Miss. Lillian Gertrud",Femenino,5.0,347077,31.3875,S,7,menor
235,False,2,"Leyson, Mr. Robert William Norman",Masculino,24.0,C.A. 29566,10.5,S,1,mayor
236,False,3,"Harknett, Miss. Alice Phoebe",Femenino,29.69911764705882,W./C. 6609,7.55,S,1,mayor
237,False,2,"Hold, Mr. Stephen",Masculino,44.0,26707,26.0,S,2,mayor
238,True,2,"Collyer, Miss. Marjorie ""Lottie""",Femenino,8.0,C.A. 31921,26.25,S,3,menor
239,False,2,"Pengelly, Mr. Frederick William",Masculino,19.0,28665,10.5,S,1,mayor
240,False,2,"Hunt, Mr. George Henry",Masculino,33.0,SCO/W 1585,12.275,S,1,mayor
241,False,3,"Zabour, Miss. Thamine",Femenino,29.69911764705882,2665,14.4542,C,2,mayor
242,True,3,"Murphy, Miss. Katherine ""Kate""",Femenino,29.69911764705882,367230,15.5,Q,2,mayor
243,False,2,"Coleridge, Mr. Reginald Charles",Masculino,29.0,W./C. 14263,10.5,S,1,mayor
244,False,3,"Maenpaa, Mr. Matti Alexanteri",Masculino,22.0,STON/O 2. 3101275,7.125,S,1,mayor
245,False,3,"Attalah, Mr. Sleiman",Masculino,30.0,2694,7.225,C,1,mayor
246,False,1,"Minahan, Dr. William Edward",Masculino,44.0,19928,90.0,Q,3,mayor
247,False,3,"Lindahl, Miss. Agda Thorilda Viktoria",Femenino,25.0,347071,7.775,S,1,mayor
248,True,2,"Hamalainen, Mrs. William (Anna)",Femenino,24.0,250649,14.5,S,3,mayor
249,True,1,"Beckwith, Mr. Richard Leonard",Masculino,37.0,11751,52.5542,S,3,mayor
250,False,2,"Carter, Rev. Ernest Courtenay",Masculino,54.0,244252,26.0,S,2,mayor
251,False,3,"Reed, Mr. James George",Masculino,29.69911764705882,362316,7.25,S,1,mayor
252,False,3,"Strom, Mrs. Wilhelm (Elna Matilda Persson)",Femenino,29.0,347054,10.4625,S,3,mayor
253,False,1,"Stead, Mr. William Thomas",Masculino,62.0,113514,26.55,S,1,mayor
254,False,3,"Lobb, Mr. William Arthur",Masculino,30.0,A/5. 3336,16.1,S,2,mayor
255,False,3,"Rosblom, Mrs. Viktor (Helena Wilhelmina)",Femenino,41.0,370129,20.2125,S,3,mayor
256,True,3,"Touma, Mrs. Darwis (Hanne Youssef Razi)",Femenino,29.0,2650,15.2458,C,3,mayor
257,True,1,"Thorne, Mrs. Gertrude Maybelle",Femenino,29.69911764705882,PC 17585,79.2,C,1,mayor
258,True,1,"Cherry, Miss. Gladys",Femenino,30.0,110152,86.5,S,1,mayor
259,True,1,"Ward, Miss. Anna",Femenino,35.0,PC 17755,512.3292,C,1,mayor
260,True,2,"Parrish, Mrs. (Lutie Davis)",Femenino,50.0,230433,26.0,S,2,mayor
261,False,3,"Smith, Mr. Thomas",Masculino,29.69911764705882,384461,7.75,Q,1,mayor
262,True,3,"Asplund, Master. Edvin Rojj Felix",Masculino,3.0,347077,31.3875,S,7,menor
263,False,1,"Taussig, Mr. Emil",Masculino,52.0,110413,79.65,S,3,mayor
264,False,1,"Harrison, Mr. William",Masculino,40.0,112059,0.0,S,1,mayor
265,False,3,"Henry, Miss. Delia",Femenino,29.69911764705882,382649,7.75,Q,1,mayor
266,False,2,"Reeves, Mr. David",Masculino,36.0,C.A. 17248,10.5,S,1,mayor
267,False,3,"Panula, Mr. Ernesti Arvid",Masculino,16.0,3101295,39.6875,S,6,menor
268,True,3,"Persson, Mr. Ernst Ulrik",Masculino,25.0,347083,7.775,S,2,mayor
269,True,1,"Graham, Mrs. William Thompson (Edith Junkins)",Femenino,58.0,PC 17582,153.4625,S,2,mayor
270,True,1,"Bissette, Miss. Amelia",Femenino,35.0,PC 17760,135.6333,S,1,mayor
271,False,1,"Cairns, Mr. Alexander",Masculino,29.69911764705882,113798,31.0,S,1,mayor
272,True,3,"Tornquist, Mr. William Henry",Masculino,25.0,LINE,0.0,S,1,mayor
273,True,2,"Mellinger, Mrs. (Elizabeth Anne Maidment)",Femenino,41.0,250644,19.5,S,2,mayor
274,False,1,"Natsch, Mr. Charles H",Masculino,37.0,PC 17596,29.7,C,2,mayor
275,True,3,"Healy, Miss. Hanora ""Nora""",Femenino,29.69911764705882,370375,7.75,Q,1,mayor
276,True,1,"Andrews, Miss. Kornelia Theodosia",Femenino,63.0,13502,77.9583,S,2,mayor
277,False,3,"Lindblom, Miss. Augusta Charlotta",Femenino,45.0,347073,7.75,S,1,mayor
278,False,2,"Parkes, Mr. Francis ""Frank""",Masculino,29.69911764705882,239853,0.0,S,1,mayor
279,False,3,"Rice, Master. Eric",Masculino,7.0,382652,29.125,Q,6,menor
280,True,3,"Abbott, Mrs. Stanton (Rosa Hunt)",Femenino,35.0,C.A. 2673,20.25,S,3,mayor
281,False,3,"Duane, Mr. Frank",Masculino,65.0,336439,7.75,Q,1,mayor
282,False,3,"Olsson, Mr. Nils Johan Goransson",Masculino,28.0,347464,7.8542,S,1,mayor
283,False,3,"de Pelsmaeker, Mr. Alfons",Masculino,16.0,345778,9.5,S,1,menor
284,True,3,"Dorking, Mr. Edward Arthur",Masculino,19.0,A/5. 10482,8.05,S,1,mayor
285,False,1,"Smith, Mr. Richard William",Masculino,29.69911764705882,113056,26.0,S,1,mayor
286,False,3,"Stankovic, Mr. Ivan",Masculino,33.0,349239,8.6625,C,1,mayor
287,True,3,"de Mulder, Mr. Theodore",Masculino,30.0,345774,9.5,S,1,mayor
288,False,3,"Naidenoff, Mr. Penko",Masculino,22.0,349206,7.8958,S,1,mayor
289,True,2,"Hosono, Mr. Masabumi",Masculino,42.0,237798,13.0,S,1,mayor
290,True,3,"Connolly, Miss. Kate",Femenino,22.0,370373,7.75,Q,1,mayor
291,True,1,"Barber, Miss. Ellen ""Nellie""",Femenino,26.0,19877,78.85,S,1,mayor
292,True,1,"Bishop, Mrs. Dickinson H (Helen Walton)",Femenino,19.0,11967,91.0792,C,2,mayor
293,False,2,"Levy, Mr. Rene Jacques",Masculino,36.0,SC/Paris 2163,12.875,C,1,mayor
294,False,3,"Haas, Miss. Aloisia",Femenino,24.0,349236,8.85,S,1,mayor
295,False,3,"Mineff, Mr. Ivan",Masculino,24.0,349233,7.8958,S,1,mayor
296,False,1,"Lewy, Mr. Ervin G",Masculino,29.69911764705882,PC 17612,27.7208,C,1,mayor
297,False,3,"Hanna, Mr. Mansour",Masculino,23.5,2693,7.2292,C,1,mayor
298,False,1,"Allison, Miss. Helen Loraine",Femenino,2.0,113781,151.55,S,4,menor
299,True,1,"Saalfeld, Mr. Adolphe",Masculino,29.69911764705882,19988,30.5,S,1,mayor
300,True,1,"Baxter, Mrs. James (Helene DeLaudeniere Chaput)",Femenino,50.0,PC 17558,247.5208,C,2,mayor
301,True,3,"Kelly, Miss. Anna Katherine ""Annie Kate""",Femenino,29.69911764705882,9234,7.75,Q,1,mayor
302,True,3,"McCoy, Mr. Bernard",Masculino,29.69911764705882,367226,23.25,Q,3,mayor
303,False,3,"Johnson, Mr. William Cahoone Jr",Masculino,19.0,LINE,0.0,S,1,mayor
304,True,2,"Keane, Miss. Nora A",Femenino,29.69911764705882,226593,12.35,Q,1,mayor
305,False,3,"Williams, Mr. Howard Hugh ""Harry""",Masculino,29.69911764705882,A/5 2466,8.05,S,1,mayor
306,True,1,"Allison, Master. Hudson Trevor",Masculino,0.92,113781,151.55,S,4,menor
307,True,1,"Fleming, Miss. Margaret",Femenino,29.69911764705882,17421,110.8833,C,1,mayor
308,True,1,"Penasco y Castellana, Mrs. Victor de Satode (Maria Josefa Perez de Soto y Vallejo)",Femenino,17.0,PC 17758,108.9,C,2,menor
309,False,2,"Abelson, Mr. Samuel",Masculino,30.0,P/PP 3381,24.0,C,2,mayor
310,True,1,"Francatelli, Miss. Laura Mabel",Femenino,30.0,PC 17485,56.9292,C,1,mayor
311,True,1,"Hays, Miss. Margaret Bechstein",Femenino,24.0,11767,83.1583,C,1,mayor
312,True,1,"Ryerson, Miss. Emily Borie",Femenino,18.0,PC 17608,262.375,C,5,mayor
313,False,2,"Lahtinen, Mrs. William (Anna Sylfven)",Femenino,26.0,250651,26.0,S,3,mayor
314,False,3,"Hendekovic, Mr. Ignjac",Masculino,28.0,349243,7.8958,S,1,mayor
315,False,2,"Hart, Mr. Benjamin",Masculino,43.0,F.C.C. 13529,26.25,S,3,mayor
316,True,3,"Nilsson, Miss. Helmina Josefina",Femenino,26.0,347470,7.8542,S,1,mayor
317,True,2,"Kantor, Mrs. Sinai (Miriam Sternin)",Femenino,24.0,244367,26.0,S,2,mayor
318,False,2,"Moraweck, Dr. Ernest",Masculino,54.0,29011,14.0,S,1,mayor
319,True,1,"Wick, Miss. Mary Natalie",Femenino,31.0,36928,164.8667,S,3,mayor
320,True,1,"Spedden, Mrs. Frederic Oakley (Margaretta Corning Stone)",Femenino,40.0,16966,134.5,C,3,mayor
321,False,3,"Dennis, Mr. Samuel",Masculino,22.0,A/5 21172,7.25,S,1,mayor
322,False,3,"Danoff, Mr. Yoto",Masculino,27.0,349219,7.8958,S,1,mayor
323,True,2,"Slayter, Miss. Hilda Mary",Femenino,30.0,234818,12.35,Q,1,mayor
324,True,2,"Caldwell, Mrs. Albert Francis (Sylvia Mae Harbaugh)",Femenino,22.0,248738,29.0,S,3,mayor
325,False,3,"Sage, Mr. George John Jr",Masculino,29.69911764705882,CA. 2343,69.55,S,11,mayor
326,True,1,"Young, Miss. Marie Grice",Femenino,36.0,PC 17760,135.6333,C,1,mayor
327,False,3,"Nysveen, Mr. Johan Hansen",Masculino,61.0,345364,6.2375,S,1,mayor
328,True,2,"Ball, Mrs. (Ada E Hall)",Femenino,36.0,28551,13.0,S,1,mayor
329,True,3,"Goldsmith, Mrs. Frank John (Emily Alice Brown)",Femenino,31.0,363291,20.525,S,3,mayor
330,True,1,"Hippach, Miss. Jean Gertrude",Femenino,16.0,111361,57.9792,C,2,menor
331,True,3,"McCoy, Miss. Agnes",Femenino,29.69911764705882,367226,23.25,Q,3,mayor
332,False,1,"Partner, Mr. Austen",Masculino,45.5,113043,28.5,S,1,mayor
333,False,1,"Graham, Mr. George Edward",Masculino,38.0,PC 17582,153.4625,S,2,mayor
334,False,3,"Vander Planke, Mr. Leo Edmondus",Masculino,16.0,345764,18.0,S,3,menor
335,True,1,"Frauenthal, Mrs. Henry William (Clara Heinsheimer)",Femenino,29.69911764705882,PC 17611,133.65,S,2,mayor
336,False,3,"Denkoff, Mr. Mitto",Masculino,29.69911764705882,349225,7.8958,S,1,mayor
337,False,1,"Pears, Mr. Thomas Clinton",Masculino,29.0,113776,66.6,S,2,mayor
338,True,1,"Burns, Miss. Elizabeth Margaret",Femenino,41.0,16966,134.5,C,1,mayor
339,True,3,"Dahl, Mr. Karl Edwart",Masculino,45.0,7598,8.05,S,1,mayor
340,False,1,"Blackwell, Mr. Stephen Weart",Masculino,45.0,113784,35.5,S,1,mayor
341,True,2,"Navratil, Master. Edmond Roger",Masculino,2.0,230080,26.0,S,3,menor
342,True,1,"Fortune, Miss. Alice Elizabeth",Femenino,24.0,19950,263.0,S,6,mayor
343,False,2,"Collander, Mr. Erik Gustaf",Masculino,28.0,248740,13.0,S,1,mayor
344,False,2,"Sedgwick, Mr. Charles Frederick Waddington",Masculino,25.0,244361,13.0,S,1,mayor
345,False,2,"Fox, Mr. Stanley Hubert",Masculino,36.0,229236,13.0,S,1,mayor
346,True,2,"Brown, Miss. Amelia ""Mildred""",Femenino,24.0,248733,13.0,S,1,mayor
347,True,2,"Smith, Miss. Marion Elsie",Femenino,40.0,31418,13.0,S,1,mayor
348,True,3,"Davison, Mrs. Thomas Henry (Mary E Finck)",Femenino,29.69911764705882,386525,16.1,S,2,mayor
349,True,3,"Coutts, Master. William Loch ""William""",Masculino,3.0,C.A. 37671,15.9,S,3,menor
350,False,3,"Dimic, Mr. Jovan",Masculino,42.0,315088,8.6625,S,1,mayor
351,False,3,"Odahl, Mr. Nils Martin",Masculino,23.0,7267,9.225,S,1,mayor
352,False,1,"Williams-Lambert, Mr. Fletcher Fellows",Masculino,29.69911764705882,113510,35.0,S,1,mayor
353,False,3,"Elias, Mr. Tannous",Masculino,15.0,2695,7.2292,C,3,menor
354,False,3,"Arnold-Franchi, Mr. Josef",Masculino,25.0,349237,17.8,S,2,mayor
355,False,3,"Yousif, Mr. Wazli",Masculino,29.69911764705882,2647,7.225,C,1,mayor
356,False,3,"Vanden Steen, Mr. Leo Peter",Masculino,28.0,345783,9.5,S,1,mayor
357,True,1,"Bowerman, Miss. Elsie Edith",Femenino,22.0,113505,55.0,S,2,mayor
358,False,2,"Funk, Miss. Annie Clemmer",Femenino,38.0,237671,13.0,S,1,mayor
359,True,3,"McGovern, Miss. Mary",Femenino,29.69911764705882,330931,7.8792,Q,1,mayor
360,True,3,"Mockler, Miss. Helen Mary ""Ellie""",Femenino,29.69911764705882,330980,7.8792,Q,1,mayor
361,False,3,"Skoog, Mr. Wilhelm",Masculino,40.0,347088,27.9,S,6,mayor
362,False,2,"del Carlo, Mr. Sebastiano",Masculino,29.0,SC/PARIS 2167,27.7208,C,2,mayor
363,False,3,"Barbara, Mrs. (Catherine David)",Femenino,45.0,2691,14.4542,C,2,mayor
364,False,3,"Asim, Mr. Adola",Masculino,35.0,SOTON/O.Q. 3101310,7.05,S,1,mayor
365,False,3,"O'Brien, Mr. Thomas",Masculino,29.69911764705882,370365,15.5,Q,2,mayor
366,False,3,"Adahl, Mr. Mauritz Nils Martin",Masculino,30.0,C 7076,7.25,S,1,mayor
367,True,1,"Warren, Mrs. Frank Manley (Anna Sophia Atkinson)",Femenino,60.0,110813,75.25,C,2,mayor
368,True,3,"Moussa, Mrs. (Mantoura Boulos)",Femenino,29.69911764705882,2626,7.2292,C,1,mayor
369,True,3,"Jermyn, Miss. Annie",Femenino,29.69911764705882,14313,7.75,Q,1,mayor
370,True,1,"Aubart, Mme. Leontine Pauline",Femenino,24.0,PC 17477,69.3,C,1,mayor
371,True,1,"Harder, Mr. George Achilles",Masculino,25.0,11765,55.4417,C,2,mayor
372,False,3,"Wiklund, Mr. Jakob Alfred",Masculino,18.0,3101267,6.4958,S,2,mayor
373,False,3,"Beavan, Mr. William Thomas",Masculino,19.0,323951,8.05,S,1,mayor
374,False,1,"Ringhini, Mr. Sante",Masculino,22.0,PC 17760,135.6333,C,1,mayor
375,False,3,"Palsson, Miss. Stina Viola",Femenino,3.0,349909,21.075,S,5,menor
376,True,1,"Meyer, Mrs. Edgar Joseph (Leila Saks)",Femenino,29.69911764705882,PC 17604,82.1708,C,2,mayor
377,True,3,"Landergren, Miss. Aurora Adelia",Femenino,22.0,C 7077,7.25,S,1,mayor
378,False,1,"Widener, Mr. Harry Elkins",Masculino,27.0,113503,211.5,C,3,mayor
379,False,3,"Betros, Mr. Tannous",Masculino,20.0,2648,4.0125,C,1,mayor
380,False,3,"Gustafsson, Mr. Karl Gideon",Masculino,19.0,347069,7.775,S,1,mayor
381,True,1,"Bidois, Miss. Rosalie",Femenino,42.0,PC 17757,227.525,C,1,mayor
382,True,3,"Nakid, Miss. Maria (""Mary"")",Femenino,1.0,2653,15.7417,C,3,menor
383,False,3,"Tikkanen, Mr. Juho",Masculino,32.0,STON/O 2. 3101293,7.925,S,1,mayor
384,True,1,"Holverson, Mrs. Alexander Oskar (Mary Aline Towner)",Femenino,35.0,113789,52.0,S,2,mayor
385,False,3,"Plotcharsky, Mr. Vasil",Masculino,29.69911764705882,349227,7.8958,S,1,mayor
386,False,2,"Davies, Mr. Charles Henry",Masculino,18.0,S.O.C. 14879,73.5,S,1,mayor
387,False,3,"Goodwin, Master. Sidney Leonard",Masculino,1.0,CA 2144,46.9,S,8,menor
388,True,2,"Buss, Miss. Kate",Femenino,36.0,27849,13.0,S,1,mayor
389,False,3,"Sadlier, Mr. Matthew",Masculino,29.69911764705882,367655,7.7292,Q,1,mayor
390,True,2,"Lehmann, Miss. Bertha",Femenino,17.0,SC 1748,12.0,C,1,menor
391,True,1,"Carter, Mr. William Ernest",Masculino,36.0,113760,120.0,S,4,mayor
392,True,3,"Jansson, Mr. Carl Olof",Masculino,21.0,350034,7.7958,S,1,mayor
393,False,3,"Gustafsson, Mr. Johan Birger",Masculino,28.0,3101277,7.925,S,3,mayor
394,True,1,"Newell, Miss. Marjorie",Femenino,23.0,35273,113.275,C,2,mayor
395,True,3,"Sandstrom, Mrs. Hjalmar (Agnes Charlotta Bengtsson)",Femenino,24.0,PP 9549,16.7,S,3,mayor
396,False,3,"Johansson, Mr. Erik",Masculino,22.0,350052,7.7958,S,1,mayor
397,False,3,"Olsson, Miss. Elina",Femenino,31.0,350407,7.8542,S,1,mayor
398,False,2,"McKane, Mr. Peter David",Masculino,46.0,28403,26.0,S,1,mayor
399,False,2,"Pain, Dr. Alfred",Masculino,23.0,244278,10.5,S,1,mayor
400,True,2,"Trout, Mrs. William H (Jessie L)",Femenino,28.0,240929,12.65,S,1,mayor
401,True,3,"Niskanen, Mr. Juha",Masculino,39.0,STON/O 2. 3101289,7.925,S,1,mayor
402,False,3,"Adams, Mr. John",Masculino,26.0,341826,8.05,S,1,mayor
403,False,3,"Jussila, Miss. Mari Aina",Femenino,21.0,4137,9.825,S,2,mayor
404,False,3,"Hakkarainen, Mr. Pekka Pietari",Masculino,28.0,STON/O2. 3101279,15.85,S,2,mayor
405,False,3,"Oreskovic, Miss. Marija",Femenino,20.0,315096,8.6625,S,1,mayor
406,False,2,"Gale, Mr. Shadrach",Masculino,34.0,28664,21.0,S,2,mayor
407,False,3,"Widegren, Mr. Carl/Charles Peter",Masculino,51.0,347064,7.75,S,1,mayor
408,True,2,"Richards, Master. William Rowe",Masculino,3.0,29106,18.75,S,3,menor
409,False,3,"Birkeland, Mr. Hans Martin Monsen",Masculino,21.0,312992,7.775,S,1,mayor
410,False,3,"Lefebre, Miss. Ida",Femenino,29.69911764705882,4133,25.4667,S,5,mayor
411,False,3,"Sdycoff, Mr. Todor",Masculino,29.69911764705882,349222,7.8958,S,1,mayor
412,False,3,"Hart, Mr. Henry",Masculino,29.69911764705882,394140,6.8583,Q,1,mayor
413,True,1,"Minahan, Miss. Daisy E",Femenino,33.0,19928,90.0,Q,2,mayor
414,False,2,"Cunningham, Mr. Alfred Fleming",Masculino,29.69911764705882,239853,0.0,S,1,mayor
415,True,3,"Sundman, Mr. Johan Julian",Masculino,44.0,STON/O 2. 3101269,7.925,S,1,mayor
416,False,3,"Meek, Mrs. Thomas (Annie Louise Rowley)",Femenino,29.69911764705882,343095,8.05,S,1,mayor
417,True,2,"Drew, Mrs. James Vivian (Lulu Thorne Christian)",Femenino,34.0,28220,32.5,S,3,mayor
418,True,2,"Silven, Miss. Lyyli Karoliina",Femenino,18.0,250652,13.0,S,3,mayor
419,False,2,"Matthews, Mr. William John",Masculino,30.0,28228,13.0,S,1,mayor
420,False,3,"Van Impe, Miss. Catharina",Femenino,10.0,345773,24.15,S,3,menor
421,False,3,"Gheorgheff, Mr. Stanio",Masculino,29.69911764705882,349254,7.8958,C,1,mayor
422,False,3,"Charters, Mr. David",Masculino,21.0,A/5. 13032,7.7333,Q,1,mayor
423,False,3,"Zimmerman, Mr. Leo",Masculino,29.0,315082,7.875,S,1,mayor
424,False,3,"Danbom, Mrs. Ernst Gilbert (Anna Sigrid Maria Brogren)",Femenino,28.0,347080,14.4,S,3,mayor
425,False,3,"Rosblom, Mr. Viktor Richard",Masculino,18.0,370129,20.2125,S,3,mayor
426,False,3,"Wiseman, Mr. Phillippe",Masculino,29.69911764705882,A/4. 34244,7.25,S,1,mayor
427,True,2,"Clarke, Mrs. Charles V (Ada Maria Winfield)",Femenino,28.0,2003,26.0,S,2,mayor
428,True,2,"Phillips, Miss. Kate Florence (""Mrs Kate Louise Phillips Marshall"")",Femenino,19.0,250655,26.0,S,1,mayor
429,False,3,"Flynn, Mr. James",Masculino,29.69911764705882,364851,7.75,Q,1,mayor
430,True,3,"Pickard, Mr. Berk (Berk Trembisky)",Masculino,32.0,SOTON/O.Q. 392078,8.05,S,1,mayor
431,True,1,"Bjornstrom-Steffansson, Mr. Mauritz Hakan",Masculino,28.0,110564,26.55,S,1,mayor
432,True,3,"Thorneycroft, Mrs. Percival (Florence Kate White)",Femenino,29.69911764705882,376564,16.1,S,2,mayor
433,True,2,"Louch, Mrs. Charles Alexander (Alice Adelaide Slow)",Femenino,42.0,SC/AH 3085,26.0,S,2,mayor
434,False,3,"Kallio, Mr. Nikolai Erland",Masculino,17.0,STON/O 2. 3101274,7.125,S,1,menor
435,False,1,"Silvey, Mr. William Baird",Masculino,50.0,13507,55.9,S,2,mayor
436,True,1,"Carter, Miss. Lucile Polk",Femenino,14.0,113760,120.0,S,4,menor
437,False,3,"Ford, Miss. Doolina Margaret ""Daisy""",Femenino,21.0,W./C. 6608,34.375,S,5,mayor
438,True,2,"Richards, Mrs. Sidney (Emily Hocking)",Femenino,24.0,29106,18.75,S,6,mayor
439,False,1,"Fortune, Mr. Mark",Masculino,64.0,19950,263.0,S,6,mayor
440,False,2,"Kvillner, Mr. Johan Henrik Johannesson",Masculino,31.0,C.A. 18723,10.5,S,1,mayor
441,True,2,"Hart, Mrs. Benjamin (Esther Ada Bloomfield)",Femenino,45.0,F.C.C. 13529,26.25,S,3,mayor
442,False,3,"Hampe, Mr. Leon",Masculino,20.0,345769,9.5,S,1,mayor
443,False,3,"Petterson, Mr. Johan Emil",Masculino,25.0,347076,7.775,S,2,mayor
444,True,2,"Reynaldo, Ms. Encarnacion",Femenino,28.0,230434,13.0,S,1,mayor
445,True,3,"Johannesen-Bratthammer, Mr. Bernt",Masculino,29.69911764705882,65306,8.1125,S,1,mayor
446,True,1,"Dodge, Master. Washington",Masculino,4.0,33638,81.8583,S,3,menor
447,True,2,"Mellinger, Miss. Madeleine Violet",Femenino,13.0,250644,19.5,S,2,menor
448,True,1,"Seward, Mr. Frederic Kimber",Masculino,34.0,113794,26.55,S,1,mayor
449,True,3,"Baclini, Miss. Marie Catherine",Femenino,5.0,2666,19.2583,C,4,menor
450,True,1,"Peuchen, Major. Arthur Godfrey",Masculino,52.0,113786,30.5,S,1,mayor
451,False,2,"West, Mr. Edwy Arthur",Masculino,36.0,C.A. 34651,27.75,S,4,mayor
452,False,3,"Hagland, Mr. Ingvald Olai Olsen",Masculino,29.69911764705882,65303,19.9667,S,2,mayor
453,False,1,"Foreman, Mr. Benjamin Laventall",Masculino,30.0,113051,27.75,C,1,mayor
454,True,1,"Goldenberg, Mr. Samuel L",Masculino,49.0,17453,89.1042,C,2,mayor
455,False,3,"Peduzzi, Mr. Joseph",Masculino,29.69911764705882,A/5 2817,8.05,S,1,mayor
456,True,3,"Jalsevac, Mr. Ivan",Masculino,29.0,349240,7.8958,C,1,mayor
457,False,1,"Millet, Mr. Francis Davis",Masculino,65.0,13509,26.55,S,1,mayor
458,True,1,"Kenyon, Mrs. Frederick R (Marion)",Femenino,29.69911764705882,17464,51.8625,S,2,mayor
459,True,2,"Toomey, Miss. Ellen",Femenino,50.0,F.C.C. 13531,10.5,S,1,mayor
460,False,3,"O'Connor, Mr. Maurice",Masculino,29.69911764705882,371060,7.75,Q,1,mayor
461,True,1,"Anderson, Mr. Harry",Masculino,48.0,19952,26.55,S,1,mayor
462,False,3,"Morley, Mr. William",Masculino,34.0,364506,8.05,S,1,mayor
463,False,1,"Gee, Mr. Arthur H",Masculino,47.0,111320,38.5,S,1,mayor
464,False,2,"Milling, Mr. Jacob Christian",Masculino,48.0,234360,13.0,S,1,mayor
465,False,3,"Maisner, Mr. Simon",Masculino,29.69911764705882,A/S 2816,8.05,S,1,mayor
466,False,3,"Goncalves, Mr. Manuel Estanslas",Masculino,38.0,SOTON/O.Q. 3101306,7.05,S,1,mayor
467,False,2,"Campbell, Mr. William",Masculino,29.69911764705882,239853,0.0,S,1,mayor
468,False,1,"Smart, Mr. John Montgomery",Masculino,56.0,113792,26.55,S,1,mayor
469,False,3,"Scanlan, Mr. James",Masculino,29.69911764705882,36209,7.725,Q,1,mayor
470,True,3,"Baclini, Miss. Helene Barbara",Femenino,0.75,2666,19.2583,C,4,menor
471,False,3,"Keefe, Mr. Arthur",Masculino,29.69911764705882,323592,7.25,S,1,mayor
472,False,3,"Cacic, Mr. Luka",Masculino,38.0,315089,8.6625,S,1,mayor
473,True,2,"West, Mrs. Edwy Arthur (Ada Mary Worth)",Femenino,33.0,C.A. 34651,27.75,S,4,mayor
474,True,2,"Jerwan, Mrs. Amin S (Marie Marthe Thuillard)",Femenino,23.0,SC/AH Basle 541,13.7917,C,1,mayor
475,False,3,"Strandberg, Miss. Ida Sofia",Femenino,22.0,7553,9.8375,S,1,mayor
476,False,1,"Clifford, Mr. George Quincy",Masculino,29.69911764705882,110465,52.0,S,1,mayor
477,False,2,"Renouf, Mr. Peter Henry",Masculino,34.0,31027,21.0,S,2,mayor
478,False,3,"Braund, Mr. Lewis Richard",Masculino,29.0,3460,7.0458,S,2,mayor
479,False,3,"Karlsson, Mr. Nils August",Masculino,22.0,350060,7.5208,S,1,mayor
480,True,3,"Hirvonen, Miss. Hildur E",Femenino,2.0,3101298,12.2875,S,2,menor
481,False,3,"Goodwin, Master. Harold Victor",Masculino,9.0,CA 2144,46.9,S,8,menor
482,False,2,"Frost, Mr. Anthony Wood ""Archie""",Masculino,29.69911764705882,239854,0.0,S,1,mayor
483,False,3,"Rouse, Mr. Richard Henry",Masculino,50.0,A/5 3594,8.05,S,1,mayor
484,True,3,"Turkula, Mrs. (Hedwig)",Femenino,63.0,4134,9.5875,S,1,mayor
485,True,1,"Bishop, Mr. Dickinson H",Masculino,25.0,11967,91.0792,C,2,mayor
486,False,3,"Lefebre, Miss. Jeannie",Femenino,29.69911764705882,4133,25.4667,S,5,mayor
487,True,1,"Hoyt, Mrs. Frederick Maxfield (Jane Anne Forby)",Femenino,35.0,19943,90.0,S,2,mayor
488,False,1,"Kent, Mr. Edward Austin",Masculino,58.0,11771,29.7,C,1,mayor
489,False,3,"Somerton, Mr. Francis William",Masculino,30.0,A.5. 18509,8.05,S,1,mayor
490,True,3,"Coutts, Master. Eden Leslie ""Neville""",Masculino,9.0,C.A. 37671,15.9,S,3,menor
491,False,3,"Hagland, Mr. Konrad Mathias Reiersen",Masculino,29.69911764705882,65304,19.9667,S,2,mayor
492,False,3,"Windelov, Mr. Einar",Masculino,21.0,SOTON/OQ 3101317,7.25,S,1,mayor
493,False,1,"Molson, Mr. Harry Markland",Masculino,55.0,113787,30.5,S,1,mayor
494,False,1,"Artagaveytia, Mr. Ramon",Masculino,71.0,PC 17609,49.5042,C,1,mayor
495,False,3,"Stanley, Mr. Edward Roland",Masculino,21.0,A/4 45380,8.05,S,1,mayor
496,False,3,"Yousseff, Mr. Gerious",Masculino,29.69911764705882,2627,14.4583,C,1,mayor
497,True,1,"Eustis, Miss. Elizabeth Mussey",Femenino,54.0,36947,78.2667,C,2,mayor
498,False,3,"Shellard, Mr. Frederick William",Masculino,29.69911764705882,C.A. 6212,15.1,S,1,mayor
499,False,1,"Allison, Mrs. Hudson J C (Bessie Waldo Daniels)",Femenino,25.0,113781,151.55,S,4,mayor
500,False,3,"Svensson, Mr. Olof",Masculino,24.0,350035,7.7958,S,1,mayor
501,False,3,"Calic, Mr. Petar",Masculino,17.0,315086,8.6625,S,1,menor
502,False,3,"Canavan, Miss. Mary",Femenino,21.0,364846,7.75,Q,1,mayor
503,False,3,"O'Sullivan, Miss. Bridget Mary",Femenino,29.69911764705882,330909,7.6292,Q,1,mayor
504,False,3,"Laitinen, Miss. Kristina Sofia",Femenino,37.0,4135,9.5875,S,1,mayor
505,True,1,"Maioni, Miss. Roberta",Femenino,16.0,110152,86.5,S,1,menor
506,False,1,"Penasco y Castellana, Mr. Victor de Satode",Masculino,18.0,PC 17758,108.9,C,2,mayor
507,True,2,"Quick, Mrs. Frederick Charles (Jane Richards)",Femenino,33.0,26360,26.0,S,3,mayor
508,True,1,"Bradley, Mr. George (""George Arthur Brayton"")",Masculino,29.69911764705882,111427,26.55,S,1,mayor
509,False,3,"Olsen, Mr. Henry Margido",Masculino,28.0,C 4001,22.525,S,1,mayor
510,True,3,"Lang, Mr. Fang",Masculino,26.0,1601,56.4958,S,1,mayor
511,True,3,"Daly, Mr. Eugene Patrick",Masculino,29.0,382651,7.75,Q,1,mayor
512,False,3,"Webber, Mr. James",Masculino,29.69911764705882,SOTON/OQ 3101316,8.05,S,1,mayor
513,True,1,"McGough, Mr. James Robert",Masculino,36.0,PC 17473,26.2875,S,1,mayor
514,True,1,"Rothschild, Mrs. Martin (Elizabeth L. Barrett)",Femenino,54.0,PC 17603,59.4,C,2,mayor
515,False,3,"Coleff, Mr. Satio",Masculino,24.0,349209,7.4958,S,1,mayor
516,False,1,"Walker, Mr. William Anderson",Masculino,47.0,36967,34.0208,S,1,mayor
517,True,2,"Lemore, Mrs. (Amelia Milley)",Femenino,34.0,C.A. 34260,10.5,S,1,mayor
518,False,3,"Ryan, Mr. Patrick",Masculino,29.69911764705882,371110,24.15,Q,1,mayor
519,True,2,"Angle, Mrs. William A (Florence ""Mary"" Agnes Hughes)",Femenino,36.0,226875,26.0,S,2,mayor
520,False,3,"Pavlovic, Mr. Stefo",Masculino,32.0,349242,7.8958,S,1,mayor
521,True,1,"Perreault, Miss. Anne",Femenino,30.0,12749,93.5,S,1,mayor
522,False,3,"Vovk, Mr. Janko",Masculino,22.0,349252,7.8958,S,1,mayor
523,False,3,"Lahoud, Mr. Sarkis",Masculino,29.69911764705882,2624,7.225,C,1,mayor
524,True,1,"Hippach, Mrs. Louis Albert (Ida Sophia Fischer)",Femenino,44.0,111361,57.9792,C,2,mayor
525,False,3,"Kassem, Mr. Fared",Masculino,29.69911764705882,2700,7.2292,C,1,mayor
526,False,3,"Farrell, Mr. James",Masculino,40.5,367232,7.75,Q,1,mayor
527,True,2,"Ridsdale, Miss. Lucy",Femenino,50.0,W./C. 14258,10.5,S,1,mayor
528,False,1,"Farthing, Mr. John",Masculino,29.69911764705882,PC 17483,221.7792,S,1,mayor
529,False,3,"Salonen, Mr. Johan Werner",Masculino,39.0,3101296,7.925,S,1,mayor
530,False,2,"Hocking, Mr. Richard George",Masculino,23.0,29104,11.5,S,4,mayor
531,True,2,"Quick, Miss. Phyllis May",Femenino,2.0,26360,26.0,S,3,menor
532,False,3,"Toufik, Mr. Nakli",Masculino,29.69911764705882,2641,7.2292,C,1,mayor
533,False,3,"Elias, Mr. Joseph Jr",Masculino,17.0,2690,7.2292,C,3,menor
534,True,3,"Peter, Mrs. Catherine (Catherine Rizk)",Femenino,29.69911764705882,2668,22.3583,C,3,mayor
535,False,3,"Cacic, Miss. Marija",Femenino,30.0,315084,8.6625,S,1,mayor
536,True,2,"Hart, Miss. Eva Miriam",Femenino,7.0,F.C.C. 13529,26.25,S,3,menor
537,False,1,"Butt, Major. Archibald Willingham",Masculino,45.0,113050,26.55,S,1,mayor
538,True,1,"LeRoy, Miss. Bertha",Femenino,30.0,PC 17761,106.425,C,1,mayor
539,False,3,"Risien, Mr. Samuel Beard",Masculino,29.69911764705882,364498,14.5,S,1,mayor
540,True,1,"Frolicher, Miss. Hedwig Margaritha",Femenino,22.0,13568,49.5,C,3,mayor
541,True,1,"Crosby, Miss. Harriet R",Femenino,36.0,WE/P 5735,71.0,S,3,mayor
542,False,3,"Andersson, Miss. Ingeborg Constanzia",Femenino,9.0,347082,31.275,S,7,menor
543,False,3,"Andersson, Miss. Sigrid Elisabeth",Femenino,11.0,347082,31.275,S,7,menor
544,True,2,"Beane, Mr. Edward",Masculino,32.0,2908,26.0,S,2,mayor
545,False,1,"Douglas, Mr. Walter Donald",Masculino,50.0,PC 17761,106.425,C,2,mayor
546,False,1,"Nicholson, Mr. Arthur Ernest",Masculino,64.0,693,26.0,S,1,mayor
547,True,2,"Beane, Mrs. Edward (Ethel Clarke)",Femenino,19.0,2908,26.0,S,2,mayor
548,True,2,"Padro y Manent, Mr. Julian",Masculino,29.69911764705882,SC/PARIS 2146,13.8625,C,1,mayor
549,False,3,"Goldsmith, Mr. Frank John",Masculino,33.0,363291,20.525,S,3,mayor
550,True,2,"Davies, Master. John Morgan Jr",Masculino,8.0,C.A. 33112,36.75,S,3,menor
551,True,1,"Thayer, Mr. John Borland Jr",Masculino,17.0,17421,110.8833,C,3,menor
552,False,2,"Sharp, Mr. Percival James R",Masculino,27.0,244358,26.0,S,1,mayor
553,False,3,"O'Brien, Mr. Timothy",Masculino,29.69911764705882,330979,7.8292,Q,1,mayor
554,True,3,"Leeni, Mr. Fahim (""Philip Zenni"")",Masculino,22.0,2620,7.225,C,1,mayor
555,True,3,"Ohman, Miss. Velin",Femenino,22.0,347085,7.775,S,1,mayor
556,False,1,"Wright, Mr. George",Masculino,62.0,113807,26.55,S,1,mayor
557,True,1,"Duff Gordon, Lady. (Lucille Christiana Sutherland) (""Mrs Morgan"")",Femenino,48.0,11755,39.6,C,2,mayor
558,False,1,"Robbins, Mr. Victor",Masculino,29.69911764705882,PC 17757,227.525,C,1,mayor
559,True,1,"Taussig, Mrs. Emil (Tillie Mandelbaum)",Femenino,39.0,110413,79.65,S,3,mayor
560,True,3,"de Messemaeker, Mrs. Guillaume Joseph (Emma)",Femenino,36.0,345572,17.4,S,2,mayor
561,False,3,"Morrow, Mr. Thomas Rowan",Masculino,29.69911764705882,372622,7.75,Q,1,mayor
562,False,3,"Sivic, Mr. Husein",Masculino,40.0,349251,7.8958,S,1,mayor
563,False,2,"Norman, Mr. Robert Douglas",Masculino,28.0,218629,13.5,S,1,mayor
564,False,3,"Simmons, Mr. John",Masculino,29.69911764705882,SOTON/OQ 392082,8.05,S,1,mayor
565,False,3,"Meanwell, Miss. (Marion Ogden)",Femenino,29.69911764705882,SOTON/O.Q. 392087,8.05,S,1,mayor
566,False,3,"Davies, Mr. Alfred J",Masculino,24.0,A/4 48871,24.15,S,3,mayor
567,False,3,"Stoytcheff, Mr. Ilia",Masculino,19.0,349205,7.8958,S,1,mayor
568,False,3,"Palsson, Mrs. Nils (Alma Cornelia Berglund)",Femenino,29.0,349909,21.075,S,5,mayor
569,False,3,"Doharr, Mr. Tannous",Masculino,29.69911764705882,2686,7.2292,C,1,mayor
570,True,3,"Jonsson, Mr. Carl",Masculino,32.0,350417,7.8542,S,1,mayor
571,True,2,"Harris, Mr. George",Masculino,62.0,S.W./PP 752,10.5,S,1,mayor
572,True,1,"Appleton, Mrs. Edward Dale (Charlotte Lamson)",Femenino,53.0,11769,51.4792,S,3,mayor
573,True,1,"Flynn, Mr. John Irwin (""Irving"")",Masculino,36.0,PC 17474,26.3875,S,1,mayor
574,True,3,"Kelly, Miss. Mary",Femenino,29.69911764705882,14312,7.75,Q,1,mayor
575,False,3,"Rush, Mr. Alfred George John",Masculino,16.0,A/4. 20589,8.05,S,1,menor
576,False,3,"Patchett, Mr. George",Masculino,19.0,358585,14.5,S,1,mayor
577,True,2,"Garside, Miss. Ethel",Femenino,34.0,243880,13.0,S,1,mayor
578,True,1,"Silvey, Mrs. William Baird (Alice Munger)",Femenino,39.0,13507,55.9,S,2,mayor
579,False,3,"Caram, Mrs. Joseph (Maria Elias)",Femenino,29.69911764705882,2689,14.4583,C,2,mayor
580,True,3,"Jussila, Mr. Eiriik",Masculino,32.0,STON/O 2. 3101286,7.925,S,1,mayor
581,True,2,"Christy, Miss. Julie Rachel",Femenino,25.0,237789,30.0,S,3,mayor
582,True,1,"Thayer, Mrs. John Borland (Marian Longstreth Morris)",Femenino,39.0,17421,110.8833,C,3,mayor
583,False,2,"Downton, Mr. William James",Masculino,54.0,28403,26.0,S,1,mayor
584,False,1,"Ross, Mr. John Hugo",Masculino,36.0,13049,40.125,C,1,mayor
585,False,3,"Paulner, Mr. Uscher",Masculino,29.69911764705882,3411,8.7125,C,1,mayor
586,True,1,"Taussig, Miss. Ruth",Femenino,18.0,110413,79.65,S,3,mayor
587,False,2,"Jarvis, Mr. John Denzil",Masculino,47.0,237565,15.0,S,1,mayor
588,True,1,"Frolicher-Stehli, Mr. Maxmillian",Masculino,60.0,13567,79.2,C,3,mayor
589,False,3,"Gilinski, Mr. Eliezer",Masculino,22.0,14973,8.05,S,1,mayor
590,False,3,"Murdlin, Mr. Joseph",Masculino,29.69911764705882,A./5. 3235,8.05,S,1,mayor
591,False,3,"Rintamaki, Mr. Matti",Masculino,35.0,STON/O 2. 3101273,7.125,S,1,mayor
592,True,1,"Stephenson, Mrs. Walter Bertram (Martha Eustis)",Femenino,52.0,36947,78.2667,C,2,mayor
593,False,3,"Elsbury, Mr. William James",Masculino,47.0,A/5 3902,7.25,S,1,mayor
594,False,3,"Bourke, Miss. Mary",Femenino,29.69911764705882,364848,7.75,Q,3,mayor
595,False,2,"Chapman, Mr. John Henry",Masculino,37.0,SC/AH 29037,26.0,S,2,mayor
596,False,3,"Van Impe, Mr. Jean Baptiste",Masculino,36.0,345773,24.15,S,3,mayor
597,True,2,"Leitch, Miss. Jessie Wills",Femenino,29.69911764705882,248727,33.0,S,1,mayor
598,False,3,"Johnson, Mr. Alfred",Masculino,49.0,LINE,0.0,S,1,mayor
599,False,3,"Boulos, Mr. Hanna",Masculino,29.69911764705882,2664,7.225,C,1,mayor
600,True,1,"Duff Gordon, Sir. Cosmo Edmund (""Mr Morgan"")",Masculino,49.0,PC 17485,56.9292,C,2,mayor
601,True,2,"Jacobsohn, Mrs. Sidney Samuel (Amy Frances Christy)",Femenino,24.0,243847,27.0,S,4,mayor
602,False,3,"Slabenoff, Mr. Petco",Masculino,29.69911764705882,349214,7.8958,S,1,mayor
603,False,1,"Harrington, Mr. Charles H",Masculino,29.69911764705882,113796,42.4,S,1,mayor
604,False,3,"Torber, Mr. Ernst William",Masculino,44.0,364511,8.05,S,1,mayor
605,True,1,"Homer, Mr. Harry (""Mr E Haven"")",Masculino,35.0,111426,26.55,C,1,mayor
606,False,3,"Lindell, Mr. Edvard Bengtsson",Masculino,36.0,349910,15.55,S,2,mayor
607,False,3,"Karaic, Mr. Milan",Masculino,30.0,349246,7.8958,S,1,mayor
608,True,1,"Daniel, Mr. Robert Williams",Masculino,27.0,113804,30.5,S,1,mayor
609,True,2,"Laroche, Mrs. Joseph (Juliette Marie Louise Lafargue)",Femenino,22.0,SC/Paris 2123,41.5792,C,4,mayor
610,True,1,"Shutes, Miss. Elizabeth W",Femenino,40.0,PC 17582,153.4625,S,1,mayor
611,False,3,"Andersson, Mrs. Anders Johan (Alfrida Konstantia Brogren)",Femenino,39.0,347082,31.275,S,7,mayor
612,False,3,"Jardin, Mr. Jose Neto",Masculino,29.69911764705882,SOTON/O.Q. 3101305,7.05,S,1,mayor
613,True,3,"Murphy, Miss. Margaret Jane",Femenino,29.69911764705882,367230,15.5,Q,2,mayor
614,False,3,"Horgan, Mr. John",Masculino,29.69911764705882,370377,7.75,Q,1,mayor
615,False,3,"Brocklebank, Mr. William Alfred",Masculino,35.0,364512,8.05,S,1,mayor
616,True,2,"Herman, Miss. Alice",Femenino,24.0,220845,65.0,S,4,mayor
617,False,3,"Danbom, Mr. Ernst Gilbert",Masculino,34.0,347080,14.4,S,3,mayor
618,False,3,"Lobb, Mrs. William Arthur (Cordelia K Stanlick)",Femenino,26.0,A/5. 3336,16.1,S,2,mayor
619,True,2,"Becker, Miss. Marion Louise",Femenino,4.0,230136,39.0,S,4,menor
620,False,2,"Gavey, Mr. Lawrence",Masculino,26.0,31028,10.5,S,1,mayor
621,False,3,"Yasbeck, Mr. Antoni",Masculino,27.0,2659,14.4542,C,2,mayor
622,True,1,"Kimball, Mr. Edwin Nelson Jr",Masculino,42.0,11753,52.5542,S,2,mayor
623,True,3,"Nakid, Mr. Sahid",Masculino,20.0,2653,15.7417,C,3,mayor
624,False,3,"Hansen, Mr. Henry Damsgaard",Masculino,21.0,350029,7.8542,S,1,mayor
625,False,3,"Bowen, Mr. David John ""Dai""",Masculino,21.0,54636,16.1,S,1,mayor
626,False,1,"Sutton, Mr. Frederick",Masculino,61.0,36963,32.3208,S,1,mayor
627,False,2,"Kirkland, Rev. Charles Leonard",Masculino,57.0,219533,12.35,Q,1,mayor
628,True,1,"Longley, Miss. Gretchen Fiske",Femenino,21.0,13502,77.9583,S,1,mayor
629,False,3,"Bostandyeff, Mr. Guentcho",Masculino,26.0,349224,7.8958,S,1,mayor
630,False,3,"O'Connell, Mr. Patrick D",Masculino,29.69911764705882,334912,7.7333,Q,1,mayor
631,True,1,"Barkworth, Mr. Algernon Henry Wilson",Masculino,80.0,27042,30.0,S,1,mayor
632,False,3,"Lundahl, Mr. Johan Svensson",Masculino,51.0,347743,7.0542,S,1,mayor
633,True,1,"Stahelin-Maeglin, Dr. Max",Masculino,32.0,13214,30.5,C,1,mayor
634,False,1,"Parr, Mr. William Henry Marsh",Masculino,29.69911764705882,112052,0.0,S,1,mayor
635,False,3,"Skoog, Miss. Mabel",Femenino,9.0,347088,27.9,S,6,menor
636,True,2,"Davis, Miss. Mary",Femenino,28.0,237668,13.0,S,1,mayor
637,False,3,"Leinonen, Mr. Antti Gustaf",Masculino,32.0,STON/O 2. 3101292,7.925,S,1,mayor
638,False,2,"Collyer, Mr. Harvey",Masculino,31.0,C.A. 31921,26.25,S,3,mayor
639,False,3,"Panula, Mrs. Juha (Maria Emilia Ojala)",Femenino,41.0,3101295,39.6875,S,6,mayor
640,False,3,"Thorneycroft, Mr. Percival",Masculino,29.69911764705882,376564,16.1,S,2,mayor
641,False,3,"Jensen, Mr. Hans Peder",Masculino,20.0,350050,7.8542,S,1,mayor
642,True,1,"Sagesser, Mlle. Emma",Femenino,24.0,PC 17477,69.3,C,1,mayor
643,False,3,"Skoog, Miss. Margit Elizabeth",Femenino,2.0,347088,27.9,S,6,menor
644,True,3,"Foo, Mr. Choong",Masculino,29.69911764705882,1601,56.4958,S,1,mayor
645,True,3,"Baclini, Miss. Eugenie",Femenino,0.75,2666,19.2583,C,4,menor
646,True,1,"Harper, Mr. Henry Sleeper",Masculino,48.0,PC 17572,76.7292,C,2,mayor
647,False,3,"Cor, Mr. Liudevit",Masculino,19.0,349231,7.8958,S,1,mayor
648,True,1,"Simonius-Blumer, Col. Oberst Alfons",Masculino,56.0,13213,35.5,C,1,mayor
649,False,3,"Willey, Mr. Edward",Masculino,29.69911764705882,S.O./P.P. 751,7.55,S,1,mayor
650,True,3,"Stanley, Miss. Amy Zillah Elsie",Femenino,23.0,CA. 2314,7.55,S,1,mayor
651,False,3,"Mitkoff, Mr. Mito",Masculino,29.69911764705882,349221,7.8958,S,1,mayor
652,True,2,"Doling, Miss. Elsie",Femenino,18.0,231919,23.0,S,2,mayor
653,False,3,"Kalvik, Mr. Johannes Halvorsen",Masculino,21.0,8475,8.4333,S,1,mayor
654,True,3,"O'Leary, Miss. Hanora ""Norah""",Femenino,29.69911764705882,330919,7.8292,Q,1,mayor
655,False,3,"Hegarty, Miss. Hanora ""Nora""",Femenino,18.0,365226,6.75,Q,1,mayor
656,False,2,"Hickman, Mr. Leonard Mark",Masculino,24.0,S.O.C. 14879,73.5,S,3,mayor
657,False,3,"Radeff, Mr. Alexander",Masculino,29.69911764705882,349223,7.8958,S,1,mayor
658,False,3,"Bourke, Mrs. John (Catherine)",Femenino,32.0,364849,15.5,Q,3,mayor
659,False,2,"Eitemiller, Mr. George Floyd",Masculino,23.0,29751,13.0,S,1,mayor
660,False,1,"Newell, Mr. Arthur Webster",Masculino,58.0,35273,113.275,C,3,mayor
661,True,1,"Frauenthal, Dr. Henry William",Masculino,50.0,PC 17611,133.65,S,3,mayor
662,False,3,"Badt, Mr. Mohamed",Masculino,40.0,2623,7.225,C,1,mayor
663,False,1,"Colley, Mr. Edward Pomeroy",Masculino,47.0,5727,25.5875,S,1,mayor
664,False,3,"Coleff, Mr. Peju",Masculino,36.0,349210,7.4958,S,1,mayor
665,True,3,"Lindqvist, Mr. Eino William",Masculino,20.0,STON/O 2. 3101285,7.925,S,2,mayor
666,False,2,"Hickman, Mr. Lewis",Masculino,32.0,S.O.C. 14879,73.5,S,3,mayor
667,False,2,"Butler, Mr. Reginald Fenton",Masculino,25.0,234686,13.0,S,1,mayor
668,False,3,"Rommetvedt, Mr. Knud Paust",Masculino,29.69911764705882,312993,7.775,S,1,mayor
669,False,3,"Cook, Mr. Jacob",Masculino,43.0,A/5 3536,8.05,S,1,mayor
670,True,1,"Taylor, Mrs. Elmer Zebley (Juliet Cummins Wright)",Femenino,29.69911764705882,19996,52.0,S,2,mayor
671,True,2,"Brown, Mrs. Thomas William Solomon (Elizabeth Catherine Ford)",Femenino,40.0,29750,39.0,S,3,mayor
672,False,1,"Davidson, Mr. Thornton",Masculino,31.0,F.C. 12750,52.0,S,2,mayor
673,False,2,"Mitchell, Mr. Henry Michael",Masculino,70.0,C.A. 24580,10.5,S,1,mayor
674,True,2,"Wilhelms, Mr. Charles",Masculino,31.0,244270,13.0,S,1,mayor
675,False,2,"Watson, Mr. Ennis Hastings",Masculino,29.69911764705882,239856,0.0,S,1,mayor
676,False,3,"Edvardsson, Mr. Gustaf Hjalmar",Masculino,18.0,349912,7.775,S,1,mayor
677,False,3,"Sawyer, Mr. Frederick Charles",Masculino,24.5,342826,8.05,S,1,mayor
678,True,3,"Turja, Miss. Anna Sofia",Femenino,18.0,4138,9.8417,S,1,mayor
679,False,3,"Goodwin, Mrs. Frederick (Augusta Tyler)",Femenino,43.0,CA 2144,46.9,S,8,mayor
680,True,1,"Cardeza, Mr. Thomas Drake Martinez",Masculino,36.0,PC 17755,512.3292,C,2,mayor
681,False,3,"Peters, Miss. Katie",Femenino,29.69911764705882,330935,8.1375,Q,1,mayor
682,True,1,"Hassab, Mr. Hammad",Masculino,27.0,PC 17572,76.7292,C,1,mayor
683,False,3,"Olsvigen, Mr. Thor Anderson",Masculino,20.0,6563,9.225,S,1,mayor
684,False,3,"Goodwin, Mr. Charles Edward",Masculino,14.0,CA 2144,46.9,S,8,menor
685,False,2,"Brown, Mr. Thomas William Solomon",Masculino,60.0,29750,39.0,S,3,mayor
686,False,2,"Laroche, Mr. Joseph Philippe Lemercier",Masculino,25.0,SC/Paris 2123,41.5792,C,4,mayor
687,False,3,"Panula, Mr. Jaako Arnold",Masculino,14.0,3101295,39.6875,S,6,menor
688,False,3,"Dakic, Mr. Branko",Masculino,19.0,349228,10.1708,S,1,mayor
689,False,3,"Fischer, Mr. Eberhard Thelander",Masculino,18.0,350036,7.7958,S,1,mayor
690,True,1,"Madill, Miss. Georgette Alexandra",Femenino,15.0,24160,211.3375,S,2,menor
691,True,1,"Dick, Mr. Albert Adrian",Masculino,31.0,17474,57.0,S,2,mayor
692,True,3,"Karun, Miss. Manca",Femenino,4.0,349256,13.4167,C,2,menor
693,True,3,"Lam, Mr. Ali",Masculino,29.69911764705882,1601,56.4958,S,1,mayor
694,False,3,"Saad, Mr. Khalil",Masculino,25.0,2672,7.225,C,1,mayor
695,False,1,"Weir, Col. John",Masculino,60.0,113800,26.55,S,1,mayor
696,False,2,"Chapman, Mr. Charles Henry",Masculino,52.0,248731,13.5,S,1,mayor
697,False,3,"Kelly, Mr. James",Masculino,44.0,363592,8.05,S,1,mayor
698,True,3,"Mullens, Miss. Katherine ""Katie""",Femenino,29.69911764705882,35852,7.7333,Q,1,mayor
699,False,1,"Thayer, Mr. John Borland",Masculino,49.0,17421,110.8833,C,3,mayor
700,False,3,"Humblen, Mr. Adolf Mathias Nicolai Olsen",Masculino,42.0,348121,7.65,S,1,mayor
701,True,1,"Astor, Mrs. John Jacob (Madeleine Talmadge Force)",Femenino,18.0,PC 17757,227.525,C,2,mayor
702,True,1,"Silverthorne, Mr. Spencer Victor",Masculino,35.0,PC 17475,26.2875,S,1,mayor
703,False,3,"Barbara, Miss. Saiide",Femenino,18.0,2691,14.4542,C,2,mayor
704,False,3,"Gallagher, Mr. Martin",Masculino,25.0,36864,7.7417,Q,1,mayor
705,False,3,"Hansen, Mr. Henrik Juul",Masculino,26.0,350025,7.8542,S,2,mayor
706,False,2,"Morley, Mr. Henry Samuel (""Mr Henry Marshall"")",Masculino,39.0,250655,26.0,S,1,mayor
707,True,2,"Kelly, Mrs. Florence ""Fannie""",Femenino,45.0,223596,13.5,S,1,mayor
708,True,1,"Calderhead, Mr. Edward Pennington",Masculino,42.0,PC 17476,26.2875,S,1,mayor
709,True,1,"Cleaver, Miss. Alice",Femenino,22.0,113781,151.55,S,1,mayor
710,True,3,"Moubarek, Master. Halim Gonios (""William George"")",Masculino,29.69911764705882,2661,15.2458,C,3,mayor
711,True,1,"Mayne, Mlle. Berthe Antonine (""Mrs de Villiers"")",Femenino,24.0,PC 17482,49.5042,C,1,mayor
712,False,1,"Klaber, Mr. Herman",Masculino,29.69911764705882,113028,26.55,S,1,mayor
713,True,1,"Taylor, Mr. Elmer Zebley",Masculino,48.0,19996,52.0,S,2,mayor
714,False,3,"Larsson, Mr. August Viktor",Masculino,29.0,7545,9.4833,S,1,mayor
715,False,2,"Greenberg, Mr. Samuel",Masculino,52.0,250647,13.0,S,1,mayor
716,False,3,"Soholt, Mr. Peter Andreas Lauritz Andersen",Masculino,19.0,348124,7.65,S,1,mayor
717,True,1,"Endres, Miss. Caroline Louise",Femenino,38.0,PC 17757,227.525,C,1,mayor
718,True,2,"Troutt, Miss. Edwina Celia ""Winnie""",Femenino,27.0,34218,10.5,S,1,mayor
719,False,3,"McEvoy, Mr. Michael",Masculino,29.69911764705882,36568,15.5,Q,1,mayor
720,False,3,"Johnson, Mr. Malkolm Joackim",Masculino,33.0,347062,7.775,S,1,mayor
721,True,2,"Harper, Miss. Annie Jessie ""Nina""",Femenino,6.0,248727,33.0,S,2,menor
722,False,3,"Jensen, Mr. Svend Lauritz",Masculino,17.0,350048,7.0542,S,2,menor
723,False,2,"Gillespie, Mr. William Henry",Masculino,34.0,12233,13.0,S,1,mayor
724,False,2,"Hodges, Mr. Henry Price",Masculino,50.0,250643,13.0,S,1,mayor
725,True,1,"Chambers, Mr. Norman Campbell",Masculino,27.0,113806,53.1,S,2,mayor
726,False,3,"Oreskovic, Mr. Luka",Masculino,20.0,315094,8.6625,S,1,mayor
727,True,2,"Renouf, Mrs. Peter Henry (Lillian Jefferys)",Femenino,30.0,31027,21.0,S,4,mayor
728,True,3,"Mannion, Miss. Margareth",Femenino,29.69911764705882,36866,7.7375,Q,1,mayor
729,False,2,"Bryhl, Mr. Kurt Arnold Gottfrid",Masculino,25.0,236853,26.0,S,2,mayor
730,False,3,"Ilmakangas, Miss. Pieta Sofia",Femenino,25.0,STON/O2. 3101271,7.925,S,2,mayor
731,True,1,"Allen, Miss. Elisabeth Walton",Femenino,29.0,24160,211.3375,S,1,mayor
732,False,3,"Hassan, Mr. Houssein G N",Masculino,11.0,2699,18.7875,C,1,menor
733,False,2,"Knight, Mr. Robert J",Masculino,29.69911764705882,239855,0.0,S,1,mayor
734,False,2,"Berriman, Mr. William John",Masculino,23.0,28425,13.0,S,1,mayor
735,False,2,"Troupiansky, Mr. Moses Aaron",Masculino,23.0,233639,13.0,S,1,mayor
736,False,3,"Williams, Mr. Leslie",Masculino,28.5,54636,16.1,S,1,mayor
737,False,3,"Ford, Mrs. Edward (Margaret Ann Watson)",Femenino,48.0,W./C. 6608,34.375,S,5,mayor
738,True,1,"Lesurer, Mr. Gustave J",Masculino,35.0,PC 17755,512.3292,C,1,mayor
739,False,3,"Ivanoff, Mr. Kanio",Masculino,29.69911764705882,349201,7.8958,S,1,mayor
740,False,3,"Nankoff, Mr. Minko",Masculino,29.69911764705882,349218,7.8958,S,1,mayor
741,True,1,"Hawksford, Mr. Walter James",Masculino,29.69911764705882,16988,30.0,S,1,mayor
742,False,1,"Cavendish, Mr. Tyrell William",Masculino,36.0,19877,78.85,S,2,mayor
743,True,1,"Ryerson, Miss. Susan Parker ""Suzette""",Femenino,21.0,PC 17608,262.375,C,5,mayor
744,False,3,"McNamee, Mr. Neal",Masculino,24.0,376566,16.1,S,2,mayor
745,True,3,"Stranden, Mr. Juho",Masculino,31.0,STON/O 2. 3101288,7.925,S,1,mayor
746,False,1,"Crosby, Capt. Edward Gifford",Masculino,70.0,WE/P 5735,71.0,S,3,mayor
747,False,3,"Abbott, Mr. Rossmore Edward",Masculino,16.0,C.A. 2673,20.25,S,3,menor
748,True,2,"Sinkkonen, Miss. Anna",Femenino,30.0,250648,13.0,S,1,mayor
749,False,1,"Marvin, Mr. Daniel Warner",Masculino,19.0,113773,53.1,S,2,mayor
750,False,3,"Connaghton, Mr. Michael",Masculino,31.0,335097,7.75,Q,1,mayor
751,True,2,"Wells, Miss. Joan",Femenino,4.0,29103,23.0,S,3,menor
752,True,3,"Moor, Master. Meier",Masculino,6.0,392096,12.475,S,2,menor
753,False,3,"Vande Velde, Mr. Johannes Joseph",Masculino,33.0,345780,9.5,S,1,mayor
754,False,3,"Jonkoff, Mr. Lalio",Masculino,23.0,349204,7.8958,S,1,mayor
755,True,2,"Herman, Mrs. Samuel (Jane Laver)",Femenino,48.0,220845,65.0,S,4,mayor
756,True,2,"Hamalainen, Master. Viljo",Masculino,0.67,250649,14.5,S,3,menor
757,False,3,"Carlsson, Mr. August Sigfrid",Masculino,28.0,350042,7.7958,S,1,mayor
758,False,2,"Bailey, Mr. Percy Andrew",Masculino,18.0,29108,11.5,S,1,mayor
759,False,3,"Theobald, Mr. Thomas Leonard",Masculino,34.0,363294,8.05,S,1,mayor
760,True,1,"Rothes, the Countess. of (Lucy Noel Martha Dyer-Edwards)",Femenino,33.0,110152,86.5,S,1,mayor
761,False,3,"Garfirth, Mr. John",Masculino,29.69911764705882,358585,14.5,S,1,mayor
762,False,3,"Nirva, Mr. Iisakki Antino Aijo",Masculino,41.0,SOTON/O2 3101272,7.125,S,1,mayor
763,True,3,"Barah, Mr. Hanna Assi",Masculino,20.0,2663,7.2292,C,1,mayor
764,True,1,"Carter, Mrs. William Ernest (Lucile Polk)",Femenino,36.0,113760,120.0,S,4,mayor
765,False,3,"Eklund, Mr. Hans Linus",Masculino,16.0,347074,7.775,S,1,menor
766,True,1,"Hogeboom, Mrs. John C (Anna Andrews)",Femenino,51.0,13502,77.9583,S,2,mayor
767,False,1,"Brewe, Dr. Arthur Jackson",Masculino,29.69911764705882,112379,39.6,C,1,mayor
768,False,3,"Mangan, Miss. Mary",Femenino,30.5,364850,7.75,Q,1,mayor
769,False,3,"Moran, Mr. Daniel J",Masculino,29.69911764705882,371110,24.15,Q,2,mayor
770,False,3,"Gronnestad, Mr. Daniel Danielsen",Masculino,32.0,8471,8.3625,S,1,mayor
771,False,3,"Lievens, Mr. Rene Aime",Masculino,24.0,345781,9.5,S,1,mayor
772,False,3,"Jensen, Mr. Niels Peder",Masculino,48.0,350047,7.8542,S,1,mayor
773,False,2,"Mack, Mrs. (Mary)",Femenino,57.0,S.O./P.P. 3,10.5,S,1,mayor
774,False,3,"Elias, Mr. Dibo",Masculino,29.69911764705882,2674,7.225,C,1,mayor
775,True,2,"Hocking, Mrs. Elizabeth (Eliza Needs)",Femenino,54.0,29105,23.0,S,5,mayor
776,False,3,"Myhrman, Mr. Pehr Fabian Oliver Malkolm",Masculino,18.0,347078,7.75,S,1,mayor
777,False,3,"Tobin, Mr. Roger",Masculino,29.69911764705882,383121,7.75,Q,1,mayor
778,True,3,"Emanuel, Miss. Virginia Ethel",Femenino,5.0,364516,12.475,S,1,menor
779,False,3,"Kilgannon, Mr. Thomas J",Masculino,29.69911764705882,36865,7.7375,Q,1,mayor
780,True,1,"Robert, Mrs. Edward Scott (Elisabeth Walton McMillan)",Femenino,43.0,24160,211.3375,S,2,mayor
781,True,3,"Ayoub, Miss. Banoura",Femenino,13.0,2687,7.2292,C,1,menor
782,True,1,"Dick, Mrs. Albert Adrian (Vera Gillespie)",Femenino,17.0,17474,57.0,S,2,menor
783,False,1,"Long, Mr. Milton Clyde",Masculino,29.0,113501,30.0,S,1,mayor
784,False,3,"Johnston, Mr. Andrew G",Masculino,29.69911764705882,W./C. 6607,23.45,S,4,mayor
785,False,3,"Ali, Mr. William",Masculino,25.0,SOTON/O.Q. 3101312,7.05,S,1,mayor
786,False,3,"Harmer, Mr. Abraham (David Lishin)",Masculino,25.0,374887,7.25,S,1,mayor
787,True,3,"Sjoblom, Miss. Anna Sofia",Femenino,18.0,3101265,7.4958,S,1,mayor
788,False,3,"Rice, Master. George Hugh",Masculino,8.0,382652,29.125,Q,6,menor
789,True,3,"Dean, Master. Bertram Vere",Masculino,1.0,C.A. 2315,20.575,S,4,menor
790,False,1,"Guggenheim, Mr. Benjamin",Masculino,46.0,PC 17593,79.2,C,1,mayor
791,False,3,"Keane, Mr. Andrew ""Andy""",Masculino,29.69911764705882,12460,7.75,Q,1,mayor
792,False,2,"Gaskell, Mr. Alfred",Masculino,16.0,239865,26.0,S,1,menor
793,False,3,"Sage, Miss. Stella Anna",Femenino,29.69911764705882,CA. 2343,69.55,S,11,mayor
794,False,1,"Hoyt, Mr. William Fisher",Masculino,29.69911764705882,PC 17600,30.6958,C,1,mayor
795,False,3,"Dantcheff, Mr. Ristiu",Masculino,25.0,349203,7.8958,S,1,mayor
796,False,2,"Otter, Mr. Richard",Masculino,39.0,28213,13.0,S,1,mayor
797,True,1,"Leader, Dr. Alice (Farnham)",Femenino,49.0,17465,25.9292,S,1,mayor
798,True,3,"Osman, Mrs. Mara",Femenino,31.0,349244,8.6833,S,1,mayor
799,False,3,"Ibrahim Shawah, Mr. Yousseff",Masculino,30.0,2685,7.2292,C,1,mayor
800,False,3,"Van Impe, Mrs. Jean Baptiste (Rosalie Paula Govaert)",Femenino,30.0,345773,24.15,S,3,mayor
801,False,2,"Ponesell, Mr. Martin",Masculino,34.0,250647,13.0,S,1,mayor
802,True,2,"Collyer, Mrs. Harvey (Charlotte Annie Tate)",Femenino,31.0,C.A. 31921,26.25,S,3,mayor
803,True,1,"Carter, Master. William Thornton II",Masculino,11.0,113760,120.0,S,4,menor
804,True,3,"Thomas, Master. Assad Alexander",Masculino,0.42,2625,8.5167,C,2,menor
805,True,3,"Hedman, Mr. Oskar Arvid",Masculino,27.0,347089,6.975,S,1,mayor
806,False,3,"Johansson, Mr. Karl Johan",Masculino,31.0,347063,7.775,S,1,mayor
807,False,1,"Andrews, Mr. Thomas Jr",Masculino,39.0,112050,0.0,S,1,mayor
808,False,3,"Pettersson, Miss. Ellen Natalia",Femenino,18.0,347087,7.775,S,1,mayor
809,False,2,"Meyer, Mr. August",Masculino,39.0,248723,13.0,S,1,mayor
810,True,1,"Chambers, Mrs. Norman Campbell (Bertha Griggs)",Femenino,33.0,113806,53.1,S,2,mayor
811,False,3,"Alexander, Mr. William",Masculino,26.0,3474,7.8875,S,1,mayor
812,False,3,"Lester, Mr. James",Masculino,39.0,A/4 48871,24.15,S,1,mayor
813,False,2,"Slemen, Mr. Richard James",Masculino,35.0,28206,10.5,S,1,mayor
814,False,3,"Andersson, Miss. Ebba Iris Alfrida",Femenino,6.0,347082,31.275,S,7,menor
815,False,3,"Tomlin, Mr. Ernest Portage",Masculino,30.5,364499,8.05,S,1,mayor
816,False,1,"Fry, Mr. Richard",Masculino,29.69911764705882,112058,0.0,S,1,mayor
817,False,3,"Heininen, Miss. Wendla Maria",Femenino,23.0,STON/O2. 3101290,7.925,S,1,mayor
818,False,2,"Mallet, Mr. Albert",Masculino,31.0,S.C./PARIS 2079,37.0042,C,3,mayor
819,False,3,"Holm, Mr. John Fredrik Alexander",Masculino,43.0,C 7075,6.45,S,1,mayor
820,False,3,"Skoog, Master. Karl Thorsten",Masculino,10.0,347088,27.9,S,6,menor
821,True,1,"Hays, Mrs. Charles Melville (Clara Jennings Gregg)",Femenino,52.0,12749,93.5,S,3,mayor
822,True,3,"Lulic, Mr. Nikola",Masculino,27.0,315098,8.6625,S,1,mayor
823,False,1,"Reuchlin, Jonkheer. John George",Masculino,38.0,19972,0.0,S,1,mayor
824,True,3,"Moor, Mrs. (Beila)",Femenino,27.0,392096,12.475,S,2,mayor
825,False,3,"Panula, Master. Urho Abraham",Masculino,2.0,3101295,39.6875,S,6,menor
826,False,3,"Flynn, Mr. John",Masculino,29.69911764705882,368323,6.95,Q,1,mayor
827,False,3,"Lam, Mr. Len",Masculino,29.69911764705882,1601,56.4958,S,1,mayor
828,True,2,"Mallet, Master. Andre",Masculino,1.0,S.C./PARIS 2079,37.0042,C,3,menor
829,True,3,"McCormack, Mr. Thomas Joseph",Masculino,29.69911764705882,367228,7.75,Q,1,mayor
830,True,1,"Stone, Mrs. George Nelson (Martha Evelyn)",Femenino,62.0,113572,80.0,Unknown,1,mayor
831,True,3,"Yasbeck, Mrs. Antoni (Selini Alexander)",Femenino,15.0,2659,14.4542,C,2,menor
832,True,2,"Richards, Master. George Sibley",Masculino,0.83,29106,18.75,S,3,menor
833,False,3,"Saad, Mr. Amin",Masculino,29.69911764705882,2671,7.2292,C,1,mayor
834,False,3,"Augustsson, Mr. Albert",Masculino,23.0,347468,7.8542,S,1,mayor
835,False,3,"Allum, Mr. Owen George",Masculino,18.0,2223,8.3,S,1,mayor
836,True,1,"Compton, Miss. Sara Rebecca",Femenino,39.0,PC 17756,83.1583,C,3,mayor
837,False,3,"Pasic, Mr. Jakob",Masculino,21.0,315097,8.6625,S,1,mayor
838,False,3,"Sirota, Mr. Maurice",Masculino,29.69911764705882,392092,8.05,S,1,mayor
839,True,3,"Chip, Mr. Chang",Masculino,32.0,1601,56.4958,S,1,mayor
840,True,1,"Marechal, Mr. Pierre",Masculino,29.69911764705882,11774,29.7,C,1,mayor
841,False,3,"Alhomaki, Mr. Ilmari Rudolf",Masculino,20.0,SOTON/O2 3101287,7.925,S,1,mayor
842,False,2,"Mudd, Mr. Thomas Charles",Masculino,16.0,S.O./P.P. 3,10.5,S,1,menor
843,True,1,"Serepeca, Miss. Augusta",Femenino,30.0,113798,31.0,C,1,mayor
844,False,3,"Lemberopolous, Mr. Peter L",Masculino,34.5,2683,6.4375,C,1,mayor
845,False,3,"Culumovic, Mr. Jeso",Masculino,17.0,315090,8.6625,S,1,menor
846,False,3,"Abbing, Mr. Anthony",Masculino,42.0,C.A. 5547,7.55,S,1,mayor
847,False,3,"Sage, Mr. Douglas Bullen",Masculino,29.69911764705882,CA. 2343,69.55,S,11,mayor
848,False,3,"Markoff, Mr. Marin",Masculino,35.0,349213,7.8958,C,1,mayor
849,False,2,"Harper, Rev. John",Masculino,28.0,248727,33.0,S,2,mayor
850,True,1,"Goldenberg, Mrs. Samuel L (Edwiga Grabowska)",Femenino,29.69911764705882,17453,89.1042,C,2,mayor
851,False,3,"Andersson, Master. Sigvard Harald Elias",Masculino,4.0,347082,31.275,S,7,menor
852,False,3,"Svensson, Mr. Johan",Masculino,74.0,347060,7.775,S,1,mayor
853,False,3,"Boulos, Miss. Nourelain",Femenino,9.0,2678,15.2458,C,3,menor
854,True,1,"Lines, Miss. Mary Conover",Femenino,16.0,PC 17592,39.4,S,2,menor
855,False,2,"Carter, Mrs. Ernest Courtenay (Lilian Hughes)",Femenino,44.0,244252,26.0,S,2,mayor
856,True,3,"Aks, Mrs. Sam (Leah Rosen)",Femenino,18.0,392091,9.35,S,2,mayor
857,True,1,"Wick, Mrs. George Dennick (Mary Hitchcock)",Femenino,45.0,36928,164.8667,S,3,mayor
858,True,1,"Daly, Mr. Peter Denis ",Masculino,51.0,113055,26.55,S,1,mayor
859,True,3,"Baclini, Mrs. Solomon (Latifa Qurban)",Femenino,24.0,2666,19.2583,C,4,mayor
860,False,3,"Razi, Mr. Raihed",Masculino,29.69911764705882,2629,7.2292,C,1,mayor
861,False,3,"Hansen, Mr. Claus Peter",Masculino,41.0,350026,14.1083,S,3,mayor
862,False,2,"Giles, Mr. Frederick Edward",Masculino,21.0,28134,11.5,S,2,mayor
863,True,1,"Swift, Mrs. Frederick Joel (Margaret Welles Barron)",Femenino,48.0,17466,25.9292,S,1,mayor
864,False,3,"Sage, Miss. Dorothy Edith ""Dolly""",Femenino,29.69911764705882,CA. 2343,69.55,S,11,mayor
865,False,2,"Gill, Mr. John William",Masculino,24.0,233866,13.0,S,1,mayor
866,True,2,"Bystrom, Mrs. (Karolina)",Femenino,42.0,236852,13.0,S,1,mayor
867,True,2,"Duran y More, Miss. Asuncion",Femenino,27.0,SC/PARIS 2149,13.8583,C,2,mayor
868,False,1,"Roebling, Mr. Washington Augustus II",Masculino,31.0,PC 17590,50.4958,S,1,mayor
869,False,3,"van Melkebeke, Mr. Philemon",Masculino,29.69911764705882,345777,9.5,S,1,mayor
870,True,3,"Johnson, Master. Harold Theodor",Masculino,4.0,347742,11.1333,S,3,menor
871,False,3,"Balkic, Mr. Cerin",Masculino,26.0,349248,7.8958,S,1,mayor
872,True,1,"Beckwith, Mrs. Richard Leonard (Sallie Monypeny)",Femenino,47.0,11751,52.5542,S,3,mayor
873,False,1,"Carlsson, Mr. Frans Olof",Masculino,33.0,695,5.0,S,1,mayor
874,False,3,"Vander Cruyssen, Mr. Victor",Masculino,47.0,345765,9.0,S,1,mayor
875,True,2,"Abelson, Mrs. Samuel (Hannah Wizosky)",Femenino,28.0,P/PP 3381,24.0,C,2,mayor
876,True,3,"Najib, Miss. Adele Kiamie ""Jane""",Femenino,15.0,2667,7.225,C,1,menor
877,False,3,"Gustafsson, Mr. Alfred Ossian",Masculino,20.0,7534,9.8458,S,1,mayor
878,False,3,"Petroff, Mr. Nedelio",Masculino,19.0,349212,7.8958,S,1,mayor
879,False,3,"Laleff, Mr. Kristo",Masculino,29.69911764705882,349217,7.8958,S,1,mayor
880,True,1,"Potter, Mrs. Thomas Jr (Lily Alexenia Wilson)",Femenino,56.0,11767,83.1583,C,2,mayor
881,True,2,"Shelley, Mrs. William (Imanita Parrish Hall)",Femenino,25.0,230433,26.0,S,2,mayor
882,False,3,"Markun, Mr. Johann",Masculino,33.0,349257,7.8958,S,1,mayor
883,False,3,"Dahlberg, Miss. Gerda Ulrika",Femenino,22.0,7552,10.5167,S,1,mayor
884,False,2,"Banfield, Mr. Frederick James",Masculino,28.0,C.A./SOTON 34068,10.5,S,1,mayor
885,False,3,"Sutehall, Mr. Henry Jr",Masculino,25.0,SOTON/OQ 392076,7.05,S,1,mayor
886,False,3,"Rice, Mrs. William (Margaret Norton)",Femenino,39.0,382652,29.125,Q,6,mayor
887,False,2,"Montvila, Rev. Juozas",Masculino,27.0,211536,13.0,S,1,mayor
888,True,1,"Graham, Miss. Margaret Edith",Femenino,19.0,112053,30.0,S,1,mayor
889,False,3,"Johnston, Miss. Catherine Helen ""Carrie""",Femenino,29.69911764705882,W./C. 6607,23.45,S,4,mayor
890,True,1,"Behr, Mr. Karl Howell",Masculino,26.0,111369,30.0,C,1,mayor
891,False,3,"Dooley, Mr. Patrick",Masculino,32.0,370376,7.75,Q,1,mayor
